-- phpMyAdmin SQL Dump
-- version 4.5.0.2
-- http://www.phpmyadmin.net
--
-- Host: 127.0.0.1
-- Generation Time: Jan 23, 2016 at 08:38 AM
-- Server version: 10.0.17-MariaDB
-- PHP Version: 5.5.30

SET SQL_MODE = "NO_AUTO_VALUE_ON_ZERO";
SET time_zone = "+00:00";


/*!40101 SET @OLD_CHARACTER_SET_CLIENT=@@CHARACTER_SET_CLIENT */;
/*!40101 SET @OLD_CHARACTER_SET_RESULTS=@@CHARACTER_SET_RESULTS */;
/*!40101 SET @OLD_COLLATION_CONNECTION=@@COLLATION_CONNECTION */;
/*!40101 SET NAMES utf8mb4 */;

--
-- Database: `cornwell`
--

-- --------------------------------------------------------

--
-- Table structure for table `account`
--

CREATE TABLE `account` (
  `User_id` int(11) NOT NULL,
  `email` varchar(45) NOT NULL
) ENGINE=InnoDB DEFAULT CHARSET=utf8;

--
-- Dumping data for table `account`
--

INSERT INTO `account` (`User_id`, `email`) VALUES
('0', '4Q4SCZWVKGYVLH3BWNMD'),
('1', 'U3SI640DKBPTR6RLRVCE'),
('10', 'XT9EQIRXEGOZP8T74KU7'),
('100', '72AVDJU4TH9VWF26D5A9'),
('101', 'ZY95IL0XKU4S7FSVNASP'),
('102', 'AJK4A8GJBE7G3ZRQUN6W'),
('103', 'QIGIH4255C5J45HCUWXN'),
('104', 'J2NZZ2U9216H9041DX6Q'),
('105', 'Y5IUEHB402OYZSIGW0LL'),
('106', 'ILBNNNM31GJ1XQQGIUGH'),
('107', '5UQDXSDZEEEFKW99UAX9'),
('108', '0XMWKEC650LQ1NWB4X5P'),
('109', 'ZQCLSFT92SRMON1AQCNO'),
('11', 'DGIELZGU4MDRV7YRBT7H'),
('110', 'QW6LH5ABKX6JDNXUGXWD'),
('111', 'PL4QP5RXF97VQNLSV539'),
('112', '8PVSRWDPF992B2P9649U'),
('113', 'BV7HRTH1E0BKVZWG98Z6'),
('114', 'CPOSVDT01JPKR4KACLYJ'),
('115', '668QCV39J8VG8HYWGVIC'),
('116', '37WG482MSSG6J31OAWAS'),
('117', 'K9BFPMHF5DCMS2YVG4DI'),
('118', '9T40LI16DA2RAR6O005Y'),
('119', 'FM6ZBK0PA4R4J23FQ4PZ'),
('12', '9SOFPULME8SAECE19EQ1'),
('120', 'X02XG9HYNZG0HCLAB9A8'),
('121', 'IQXNR3BPMZL9M15AKN75'),
('122', 'AZA45V7FQQS9AENQ6GY8'),
('123', 'GUHTGKKDLWKXOM5GWRIZ'),
('124', 'IR14UBBQVOIGW0Q41MRI'),
('125', 'Z73L13CL8H3RWEZUN2L9'),
('126', 'G62ZECFNX8U76T8XT5D8'),
('127', 'PXZG3NB5WBM4DD63KFEV'),
('128', 'DSGPXV8XLFZVHETMNLXI'),
('129', 'BD3DADJVE2TTIDZ1CXGT'),
('13', 'YE7OZIEGWXSETPJQ5F4O'),
('130', 'WGDA0XE8H4BR0VNI4RWW'),
('131', '3KH6BLS8GLG7RBFVTGSC'),
('132', 'RAR467MCU53XAQH8BROU'),
('133', 'RSZJVYCK6WFR5TW6XJ37'),
('134', 'AD780QRYNMN0B8T0QKRE'),
('135', 'SQFGY798D9JYLU3COVVJ'),
('136', 'W7XW8XPY0U8ARHCF15P7'),
('137', 'VE0UC8THVX7TAG66CDAI'),
('138', 'D1BX7VAQ58MNCRO3FNW1'),
('139', 'NQ2BLGT2E2NZ4GTN18VE'),
('14', '5WLLEDL3OEXX5ZFRYH2G'),
('140', 'DN1CJSC434ROFWTUO3LJ'),
('141', 'BZK8H5E0WRJ94M5CMVZR'),
('142', '7F0QVLMZVM0UQOF4AM0U'),
('143', '6E06BK4DQI52NERDBOP6'),
('144', 'TJBVWE5DCLYCAHZ5S4BY'),
('145', '2QAJJ5T32Y3KVHM8E02D'),
('146', 'DE757XLY9SPULOAI0X1U'),
('147', '4S7LQ19EK6ZKKAUBZA3B'),
('148', 'IGHREEJB0NLOO3B517OO'),
('149', 'SDX78QQ5AXTKX8GR4HGA'),
('15', 'D8BTV7AKGKN22VH8J82N'),
('150', '402LC3U300CFXXIUOF6I'),
('151', 'KLMA0BSMEYTFI105HMJK'),
('152', 'A2K7SMPQMWPSIV9O3UH9'),
('153', 'YK9UJVJSZU7KEND3KGNM'),
('154', 'YUJ1QYUTJ9ZSEX83DV71'),
('155', 'HCPFVJ3TH059OI5GNS83'),
('156', 'DGK3YD65A6FOW795M1YS'),
('157', 'PQ6OY1DHXHG8NF5EB8X4'),
('158', 'IHJ6J1BGBP8LI3IT8CW2'),
('159', 'LCL9110QWPC1YPIRH53S'),
('16', '2Q4IWFBPJ35P1MULILF5'),
('160', 'U7VAPWR9G4Z6W9W2D6MC'),
('161', '19CIRQS1BD66OTL22AJN'),
('162', '1JR7RG0JC06NCHS973JC'),
('163', 'ZA74ZSIKSJ6N8NIOI3IJ'),
('164', 'PNBSCO7TELCJ9NVB3AYN'),
('165', 'Z0I2MLS6OKYIUADUO980'),
('166', 'HY3JPPLXEK7ME4EY9ON1'),
('167', 'KTJ8FV84Y52RASGGZ2TE'),
('168', 'HYE1LOV8SM2ABG834D4S'),
('169', 'NRVZIU21K21LND0WB536'),
('17', 'M5SRWVT7KXFDSIPHFZCK'),
('170', 'IVGM1AFIDAYCVCNNOB5K'),
('171', 'CL69D5R214SVCH7KPBRC'),
('172', '8FAM0BK2PZYM4PL2EPMC'),
('173', 'XYG8M3HG1X6Z7IDA6IR1'),
('174', 'R9TVT8E2TPQYS9KRNT8X'),
('175', 'LDF6B60ZSO7DGL14VY9A'),
('176', 'MD5M95IIYT8WYJHEWAGS'),
('177', '0LGJK3CQ3E46TURESSB8'),
('178', 'FIZ4R3PQP6X9UKFUJTMD'),
('179', '45SNWPFADER1GRD584L0'),
('18', '2BSPXX32M54U7Q8JVL12'),
('180', 'HOJV0WJQT3TXW0O706P6'),
('181', '7ZYZWRQYP3HA4SDZMTXE'),
('182', '9W074JQU28LILH7CIRGN'),
('183', '5SUDNA5JC9VQYSE6RDMF'),
('184', 'MYA8YMJCAOGF5KEGRJWY'),
('185', 'KVZHFV2EA7DY6BA47WCO'),
('186', 'I7T8PB62N4OQ2KZ4FTE6'),
('187', 'OC6NLOTHHS2D5QZHE64T'),
('188', 'HEOUI02BYE495X2V2KQ9'),
('189', '75CDVQF4ZMP96U2OU006'),
('19', 'CG5GK29HTI6H2E4YYCYJ'),
('190', 'V7JN9UB2300TSQ9W4HQ5'),
('191', 'SPXIDAEY6RG10VWELJXT'),
('192', 'WDMCOF2B4LLVCIL3Z0G1'),
('193', 'BNAPMFE93IA5VN3FHPI5'),
('194', '5KI6J9T4YA100VDKK5LH'),
('195', 'I3ZYDM0HUAZQRHCMXN8E'),
('196', 'YTNTUH23T4VPWXKAGH58'),
('197', 'O8NCOC0SWZ4EQ1U4WV37'),
('198', 'W33OIS6RF2RJJ0JCNR3T'),
('199', '08VUWXUE4LZ7XYQLSSA9'),
('2', 'R42SXYKT8UCS0KGRRSOE'),
('20', 'V53ISHD2C450NBPU3NLJ'),
('200', 'GE04Y12RVCF9BFZFU2CL'),
('201', '4BVSYATPYW8T34HP4R28'),
('202', 'UOESXUILC4NBP2CCVC3A'),
('203', 'GK1YSRM9U9QL1RTL8TV2'),
('204', '1LEHT78EN8O6JUW90NER'),
('205', 'TH9Y9HU5LQ8XVZ6QCD9S'),
('206', 'JY4AGR7Z1RGVYUGNV6HQ'),
('207', 'LE5CY0MKM90VIGJIMGJP'),
('208', 'OLUOFCJ7WNXSUIGW1WWF'),
('209', '30NZXYAP8Z88Z6TTO9Q2'),
('21', 'ISQ6O3ECCL5JZB5YNCEK'),
('210', 'RRQN4RM2BZ3IM8TGYSS8'),
('211', 'PP6E1PRVEICXNPOSBJP4'),
('212', 'WIGXUVI7NRVBCWAN1YDU'),
('213', '1L5EKK7NST7PKRUP8LEA'),
('214', 'NSZW1TGXM7ABFTU0BIGL'),
('215', 'RJHKXBC3R4Y14A4GR3M7'),
('216', '1J32NVIF5A8LRHX4XYC8'),
('217', '05YV1GWUF4U2A27C1N11'),
('218', 'UQAQ8UK44W6SRN382X7V'),
('219', '5PIKFS7WB7RVO6P6E40E'),
('22', 'Y6F6RAN07G1SXH0PJ6I1'),
('220', '6ITAC6Y32Q9LY3OI19OQ'),
('221', 'L1IZNEAL71MA0A46Q88K'),
('222', '73Q36K131UPA7PDHJ1J3'),
('223', 'AZYH266NZZUG6QTWMX6B'),
('224', 'XCYQZ19ENXWUE9ZG5HTP'),
('225', 'CTZ6QT9WMOQ0XU8KKCUF'),
('226', '3QZ3GJ3748XBXFLCVOSS'),
('227', '1ZKH7OP0FSSCMNG7TD9O'),
('228', 'ACWXWA9JR8BFIFDGN7RD'),
('229', 'CP1QC1DEDQK5B8GBZD1W'),
('23', '067WO89CNZ8D6CG98BH0'),
('230', '8MLG1LA4JWHF70D5WZ7Y'),
('231', 'RLOATF03M2G34VI7O5OU'),
('232', 'YD31CI0M8481FJ4AUFWS'),
('233', '4GT788X8PPB2T9QY2APG'),
('234', '81XEVRQ4BRKTV985IR5M'),
('235', '6CKNNF17STGSTUHRE72N'),
('236', 'U919YGA64EYX62KREQE5'),
('237', 'AMF1ZOX5ZTIXQIAF60V6'),
('238', 'QM8CDBVSQ5ADGGAY7Q4W'),
('239', 'S25HNSJ4IFYGU5EDXEPV'),
('24', '9SO9DAFGQO1683V9H6S0'),
('240', 'W7G3E7FEZ62Q4A2Q80VL'),
('241', 'STIX7CNIAF364UPZQD0L'),
('242', '7BS58SSDLEH0IXFW2ZDU'),
('243', 'QFFY6MQTT6G25FKV2IX9'),
('244', '35MOPKPYX304GXEGZ6V1'),
('245', '4CGOP28AOAVA40OCQP7W'),
('246', '2HLX12OOE5IFWX07QUAR'),
('247', 'G0PSXD1FX1IUZWBT1BSS'),
('248', '21J72XLI4SPGDFU4LA74'),
('249', 'FAFYQY2TUNGBNURCOQXC'),
('25', '9LWB3X31PGMF83N1YKCE'),
('250', 'MD7KSP7YLV650XWI2R4T'),
('251', '4UYSQISWMBLR6WPSIAX7'),
('252', '7XN0LE20QTE84EKNFCK3'),
('253', 'KN7B91WWM5ED645FRFM1'),
('254', 'AY5IJNY8MP1GTYG2TS21'),
('255', 'NBH1L9MNKMWERLIYXV27'),
('256', '16BHQ7LXSFITAYAN99VE'),
('257', 'A5C9IEU9DU3QDKP6CNUO'),
('258', 'N8Q8JIBVBHH2E41A1Q6L'),
('259', '0G1CITI8BZ4KAUTT3NDY'),
('26', '5WI5XLWQ1N9KN6ER4BH6'),
('260', 'DRLF7UBU2K2CQU0326RP'),
('261', '827ZMXT5QPXAEEAJI4JG'),
('262', 'S1ZGLZZ6P25L5GF8DLP0'),
('263', '1PYIYU86LYJE9IF8ZJXN'),
('264', 'SEMKEANJGZD87SGY0GWK'),
('265', 'HB3RLOVYOC642HT0M4X7'),
('266', 'KLY1OIMB0NN6BA5JLCRS'),
('267', 'SBROLJAVTRBU50RK6F8S'),
('268', 'VBJ9FWITMUA6LCRPDG53'),
('269', '7O8HLA920Q568URRES3H'),
('27', '9HJ76B4MCBHJ2D6DHWNM'),
('270', 'DMZILX9I5PHVU2L2FVKE'),
('271', 'IX0O1QMTCIGCB0D00AWH'),
('272', '31OYIIQLKV7BAJ91ZLXX'),
('273', 'FFX7CBGRFWX2XEZ1VRJW'),
('274', 'SW3X1P3ZMTYJ6SDSMCDF'),
('275', 'LCWQGWNHSZCOJ1GCXB5O'),
('276', 'IAH8CSC0MWX7R3B3HJH0'),
('277', 'HB7JGETM4DZLFH80DB2T'),
('278', 'K6DY2H7AEE55F7RONZZE'),
('279', 'TAPR6LIRS6IL39069MRA'),
('28', 'OXSSEX6YSYRZWGE13HR4'),
('280', '7XJN2829E9CRJZ4Q2JF7'),
('281', 'XU7OZ3FAI7WQBMQG0VM6'),
('282', 'UBUOXPPRO9WGZNC10MDO'),
('283', 'HAVGJ0M9OK3ZDA3SCCFB'),
('284', 'X67ONSRL2FS9EOW331TV'),
('285', '940S8LE2FL0UEEUPJ9NX'),
('286', 'F0GRI9NDHYX1GBSE4857'),
('287', 'IQ2STRC7D436MNKOKZLO'),
('288', '8TL1R0RD953BSQCMCH7M'),
('289', 'KNOU7S2ZT4U3OHMVSEPO'),
('29', '443LIYAC3Q85N4JHKBXL'),
('290', 'VX87G1GYRFHKCKMTVOJ1'),
('291', 'QCYKEV3HDVC6L02J7V7T'),
('292', 'H6CAAW90CQY9PRL233QM'),
('293', 'TL2D9BYKHZ1ERE39OBLG'),
('294', '33O592KN528EVK52XXWY'),
('295', 'XS4BRALYVZ4F6AT4YPRL'),
('296', 'FJR4QERTJ8UG8C626NRA'),
('297', 'WX18N5SQXQV4J99PT8K8'),
('298', 'H2IN54C81VZY5BKMV6E8'),
('299', 'TZYSOB9N5HQFB7VYXKHI'),
('3', 'NQVLHBHLTKQ56IURH82C'),
('30', 'BYSS4FQ80IP2PVCK7SZA'),
('300', 'TXMXACDTLMXMIFH8SQQX'),
('301', 'FJ0V08PDDN0UTL2G9GHI'),
('302', 'MPHC9RKVWNQGCLZSD7B9'),
('303', 'DC8QCHEA9CUK1RLOI6UW'),
('304', 'WKB28LWJJDW7OZEU6UXW'),
('305', 'G8M0YA0CLH1JHOS3OFCS'),
('306', 'DZGMSDT1KTVHQZEI3IY3'),
('307', 'VJ8FUVJDMBOXZI82K71Q'),
('308', 'Z9DDR38C177P6L7LL4GJ'),
('309', 'JG37OLBFZLSP2MSFKHWV'),
('31', 'E68A1BOGJ9UNYE5PE83N'),
('310', 'DUCRQM8FTR3GDGMIHIS0'),
('311', 'XSPXXWIRGJ05W34KJ1BV'),
('312', 'GSVCCR5FAYAT58Y8FAMH'),
('313', '0JQV6B9M49KB8WI7X2RY'),
('314', 'SVOTMDB6WP7FXC2MUAZ0'),
('315', '5R5V2AUS4K40NYAW24VY'),
('316', 'QO5K9N1ONLQPY7AUE6WV'),
('317', '1VXACIO0IQSQ0LRRP630'),
('318', 'KIOPKDBGXJRLJMXVU6GF'),
('319', 'YLEGCOQ280L7AG2I52Q6'),
('32', 'Y32SA09EMW3C7DYWIE1T'),
('320', '3TMNRXWU2CQAK72NT19G'),
('321', '4D5XFJ28PEZIWPSBHK26'),
('322', '81O6OOFKR7XA109GW9Z8'),
('323', 'ZYG6BEM7OWV8EY85S7L7'),
('324', 'YQLCT1MHW6A2TMDMY3FE'),
('325', '5EJMAGORZOPQF405AXZS'),
('326', 'FFE5TP0KP54OSYDRDTFN'),
('327', '9YA2FUBI8N3YEXOAIZF2'),
('328', 'FAGAAYDAD1KYT6DJP1Y3'),
('329', '0RM4CY9Z8RZWJCP8PFDL'),
('33', 'BNYGI5DIL6M1B0PBW31P'),
('330', 'FZCLEGA5H1YQ8ONHWF42'),
('331', 'VBEY0M5UJKSE7DVAFIHG'),
('332', 'GNMPB6OTN1CXGSEQUGLV'),
('333', 'SBUXIWGH7OI5B0TDPTDB'),
('334', 'YVNYN880553PY1AJ3GPZ'),
('335', '5PCRBOOR8IH1JDM0Z959'),
('336', 'RQGOQ6VENQPWXSW2E2HE'),
('337', 'HB8J5QNAUTFNFG9CT856'),
('338', 'RDC3FIYE75BWGVTQR142'),
('339', 'BYIFTDIFPNQ8KDXN7Y3O'),
('34', 'D48J0IFRXYTCKMY1O2FX'),
('340', '1X0FVYNZEGSGEKC82MFZ'),
('341', 'VIYR466EORBOMQK9NNEE'),
('342', '3BD3JR3X1JJ83L1XFJVL'),
('343', '72VXW5QXTE3M2P1I6OIS'),
('344', 'MUF9URSBABEG52OOUL9X'),
('345', '074W17JEXHRLT07VW838'),
('346', '7I1USZDZSDWBN50B0VGK'),
('347', 'ZO9SJ91P8W1AFRZUZO1B'),
('348', '4X5126K0124AF3JWN8NK'),
('349', 'KGQXOQCAI46UVVTR9LPL'),
('35', '5LI1KDIF6353Z2UBXPX2'),
('350', 'Y7ED192DEFOZT5BFRP6W'),
('351', 'SK4OTVC0WSYJDZEFWIXO'),
('352', 'ZZ0Z77ZKEJ2A5NH7EH75'),
('353', '6A2DAYFG7ELISBVNTBDN'),
('354', 'F6T6YKUR1PSK16HS9DHY'),
('355', '16K235PT7O13242T5FPJ'),
('356', 'NQ94P57SHN0RCAH4KH79'),
('357', 'V80NJ4IBECB73NJ4BOEB'),
('358', 'WVRD7XZIU8ATNXXX5CL8'),
('359', 'BHO1C6F2WWO3YUK59ZDR'),
('36', 'GMWZWU6TKYX2AN4SCCDY'),
('360', 'CQVRMXW8BTRLZVTRFX37'),
('361', 'A0KWPOJXIGVH0ADFYLQW'),
('362', 'MFOXAD445B4IHYLMKGUI'),
('363', 'X6RSAEDQ8F7W93RX0TUJ'),
('364', 'HJAW7CSHZM2G4ZQM67Q0'),
('365', 'WA4XPI0HK19YXJSKP5XI'),
('366', 'Y84JM3RXNNPSSKQS0PRX'),
('367', '1YU7E8X1CBONYT30LLE2'),
('368', 'X54ELSVD66UZ6P0RT11E'),
('369', 'PS4YLN4CUKY01EQYFO67'),
('37', 'PGMCN93NO84H7OJJ49IH'),
('370', 'Z6R44E67USD00VYXV9O1'),
('371', 'PJNJC5C2AOG5KQ2TE5RR'),
('372', 'HUWIA2GEFQJ8I6AHW6JB'),
('373', '0F68HABTWENJ8MGWX0QS'),
('374', 'MK1DAIS2Z32EWXXCRUVL'),
('375', 'ZKRPZFYTYG24WXJV9D7Y'),
('376', '7OEFKH20C86Y6QZ2H4W3'),
('377', 'F2VD6RDUH4WQDDL19H8K'),
('378', 'NS4V8TT07TN5TWV3R9VO'),
('379', 'IEH0HMZ7A5OLR5YGUAEF'),
('38', '9MA4SX995WXOIEGKUYAV'),
('380', '6K3U88ILM42OZLRWEZLE'),
('381', '0IJIDPTDMMQU7IUP7ANX'),
('382', 'TN4OM9KSIH1TGFB6Q0FC'),
('383', '04015I7R27LEN22Y8GHX'),
('384', 'DVLSJV0TZNS5SPWY6JCI'),
('385', 'EQMGEBC1EZGU9PFCOEGJ'),
('386', '0NTO47BJS2Y4Z31I8PIE'),
('387', '42BP5137NMENTUAHBDQ0'),
('388', 'K8CT9STLBFDF8W4HULMG'),
('389', 'DL4BS01K7ALHA2VGP8H2'),
('39', 'Z7R77FJUWYB70MVLTZK4'),
('390', 'HJHV9IWQALXBYX56HNZK'),
('391', 'T9ZPJLGHUHUVLEYB1X0R'),
('392', 'LYKLHNY8T93LUW5FHHGC'),
('393', 'ZQI37H6WUXYJ7079ISJD'),
('394', 'UO6I9XIPOQPC0X8US1HL'),
('395', 'V7OT04VTSWKCZRKMH20Q'),
('396', 'XVIV04M0ENLSB3E9D661'),
('397', 'NQCIX5UJ4IGHFUE6O8E8'),
('398', 'WQU5X27XRLCXZ758YMF6'),
('399', 'WV9ISI9XLCAWBTEDCT5H'),
('4', 'Y6AZAD0THU9F84WH2CYN'),
('40', 'HX5XFEHQXYB7ZJAK6D7Q'),
('400', '3MRXT1SGTVXN17S8W0H8'),
('401', 'B12PX42LKDARZO8FLR01'),
('402', 'LVXNXI1PEQ9I8PZNE0RV'),
('403', 'L3PZ0LZUBXW82NIGQB07'),
('404', 'L2GAHGOA388E38HDD7CK'),
('405', 'XV6THWA7TNAW9CTQO1PP'),
('406', 'ZB746M61LP8MYK5RVK4Z'),
('407', 'CB3HICVP96DQP74B5QQ7'),
('408', 'PK80L2CC5OO7Z168NXX8'),
('409', 'BND32LFQHOK9QAL13XRH'),
('41', 'QC5YFELHY9IJJ6QM6ZDA'),
('410', 'E25UX7IHHUNG4MABWOSW'),
('411', 'B3FMEFNPK2CRWKN5PG0G'),
('412', 'F0G6KCON6QBEGKTM4KZ5'),
('413', 'GLVHQHKSGQZM4B7Z0Y8C'),
('414', '62USJTH5H1P4VR1TESJQ'),
('415', 'DRVE3BFBOHIU1BYSUEZS'),
('416', 'DNFZXPVSWD88EXGLD7Z2'),
('417', '6HKE4VQHIVNDVLEIUW7V'),
('418', 'GQZDWXL2Z6YJKI7H3EJ0'),
('419', 'B4PIDJMY7AFQJWOTJLXC'),
('42', 'IS4KJYT13FCIXQ8ZTZZL'),
('420', '6F5XB32Y0K9QXY2CIFB7'),
('421', 'TR3TV0BQ241WV5IC50CK'),
('422', 'MZQTR4LR9HTG0BSE18FP'),
('423', 'ZO2VOWNHS74NGSFKHBGQ'),
('424', '0J7WU2EG0S0H46JWDNTB'),
('425', 'HT8I0X66XXB9I50X8XJT'),
('426', 'NZIUWL07OYMPVIDLNYMO'),
('427', 'VF6S4EIAL67IXKM3VEGU'),
('428', 'DQOLRK3YUJOTU9LKUHYX'),
('429', 'WFNAZ8UXPR7CHARV40ND'),
('43', '1PFJASBXL98K5L7NVIL0'),
('430', 'YQ3BES125P6AXJRCIH9K'),
('431', 'KYX7NGP5FLWMH3KRRI6K'),
('432', '95GYETJ1AOEBFDB1X5JT'),
('433', 'DOIH0IC7FBCUQ551Y4C9'),
('434', 'KEK6FQVDQ0M8C3CEBQBY'),
('435', 'MBLP1ITI3ZZS6HB78LZ1'),
('436', 'OCP2F1C9W1MBSGPEY2CK'),
('437', 'ADTFQMQS2DFJT8JVA9Q1'),
('438', 'FMJ1P2WPZVB731TUHTI9'),
('439', 'FRJIBUY6F46XSRW032NY'),
('44', 'QBARQS7B8I7BBBMN1O1N'),
('440', 'KXAFIDSI6XUATB5PPQKK'),
('441', 'D6Z4IKMIS5IG69G4CFGC'),
('442', 'EELRXE0ZF65ZLLEOE3YI'),
('443', '59EKGX9VOHBCNLT6F2K0'),
('444', 'HIWFEYL9X1JWNN65YTNI'),
('445', 'RVNLKOUXT0EE7NRR1EEP'),
('446', 'B0DNTJYKHLSRL2ITKR16'),
('447', 'GWD65J7HBMXGI829NX4X'),
('448', 'C8HFCBMPRICQ4LA8A99V'),
('449', '7F6ZBS4TLG7FG2ME1352'),
('45', '7EG3PJ7GNRDMBM204Q72'),
('450', 'MNDF9RVN6TQR4MLSHDN5'),
('451', 'LRR8OOUDHUZ81QR5JKIW'),
('452', 'UH5JU8EECU821ENAQXD0'),
('453', 'XB9ZPXP1245BPPWBF15S'),
('454', 'DSXNJQQ0HM9X7OBJOBWO'),
('455', '0BI92Q2R7KHF8UEK6ETS'),
('456', 'B43ZEHE38AJMDDPD4XX5'),
('457', 'JI4C2QS9O31A8UFAODXT'),
('458', 'X81AJS350GW7DQ7UQ81V'),
('459', '3IR29YTHVH03DQSPFXHZ'),
('46', '84WTF1GAK5NNI16A5M4E'),
('460', 'K90VOPWJTQTPF0HVXW29'),
('461', 'QVQO0HLB1TSLOO7G5E0L'),
('462', 'PGF4ZONUG7S9IO4CDATA'),
('463', '9Q331AZZVJR1JM3HJEOB'),
('464', '2CQLAQWYSM4NX3RJNSZY'),
('465', '2PUIBAKNIXW68F3QFPZP'),
('466', 'AF9RV95DD0Y31DZL3DHH'),
('467', 'G51R4PMVUYJEMIX6AZP5'),
('468', 'COFTYEECHPKAWMC3P9HG'),
('469', 'ITH7SC6BQ8SJBICB05IB'),
('47', '7VUCZ4G8OFYTQBHOC8ON'),
('470', '79I287QHG2KA2DNHAOJO'),
('471', 'E67H66Y0N8O5DY1DTRCM'),
('472', 'NO2ZPJ6WX3BD8E34CECE'),
('473', 'I499YV08DE835HVXVGRL'),
('474', 'H2S3XPQID4W4C3CU5Z7F'),
('475', 'KC3VUZKSED1ROK4G55UJ'),
('476', '0X2XB7H2882D2IMKLNGX'),
('477', '2GCE3JJG7RIO3CL3WGXV'),
('478', '6QW397HP7DCXD3QGAIIG'),
('479', '2JUNAJI7D4B7VI2ECI9M'),
('48', 'SBWC2UQ2BV2ZBU5WMAPN'),
('480', 'HGPRGA7T73WK6TFWYP9V'),
('481', 'TNEHO5N6BPGSXBJO1PQA'),
('482', 'ODDGH6NBN73Q6Y1I853A'),
('483', '4OPVN66MNSPFUEAOB7W8'),
('484', 'N6BNFUUX35HF646RA0MN'),
('485', 'E2HJ0NLIYIBX8N7PG6YR'),
('486', 'LPXK2T63WR3Z6EBXW46Q'),
('487', '31OSLWYM5N7JU69SF2Q8'),
('488', 'QQQPM3DX0PX7S7PID71W'),
('489', 'Z8Z1U7Q4DFLVAQ63MOX4'),
('49', 'ZZ2MFT02TO24ORHLSZ30'),
('490', 'UTXUFJ045O9DWR5D5WT4'),
('491', 'BFDIZB964FLBB51MV2EA'),
('492', 'X6PTTS6XHIHMAQWF4X2X'),
('493', 'EWO6Z39SG5DEWAPRIZMC'),
('494', 'SSYPJBS10OPK5DWOB0FN'),
('495', 'ZVYHQX098BSHFS01JV0O'),
('496', 'Q73J3HVEZP10GLJT4VD3'),
('497', 'HDR20CU546R5FO039G9K'),
('498', 'AO1L1AGZBDSPYE3SSJZR'),
('499', '81AEJTXQYZR6NJYO5SO8'),
('5', 'GWOJA4FVY4QYQ6SNS7TE'),
('50', '7JOVR7E1LIGTNSU812PJ'),
('51', '7GLNQ5IYXYKFNH2WRK4L'),
('52', 'EL72URTXDPLYLW3NOA4K'),
('53', 'TDAEVRNQI8QTLG2B8LIO'),
('54', 'E9BXKEUONOEIZV5Q7C1V'),
('55', 'ZYKQ4UNIG3E4RLIN7RRP'),
('56', '2K8G8PLUI4ULDHBHI1OU'),
('57', 'CMDA42OXCIPPAKQS0F8M'),
('58', 'VWGTGA1RXY53IQFKIP8K'),
('59', '1X8ETWECVMKNBGKJ35CA'),
('6', 'TF6SBJHZP8A2MD521TKJ'),
('60', '109LEC12X6YVAHEDAQKP'),
('61', '7ABKI7DHU0IAISJ4JBTX'),
('62', '368QGN07GM18KCPHL2RD'),
('63', 'PTUVQ6Q2NASYMDTOOV3A'),
('64', '9VK5717REY79ABUXYYJF'),
('65', '6UZI59EYQ39LJ6P0KPPG'),
('66', 'FZA79QIM7TDOEFQNIK7Z'),
('67', '5UN4A4SJQDYIVYPPVHD8'),
('68', '4LNWGIRYI5F4U0MQVHEI'),
('69', 'MIIM9IN59M780ZQJ3H01'),
('7', '9CBQDFCFLOX53UL0ITBQ'),
('70', 'UIY92JZNE0W6Q35VJDB8'),
('71', 'PXSYMPCQTLTU8F11C65X'),
('72', '8P7KBVOZNZFH318EKJUS'),
('73', 'E0R1E0C0GV8259GX2B6L'),
('74', 'MOX4FR4AUGKTCFV6XNYS'),
('75', 'C6HLCQDY77OJ4EDN9PZJ'),
('76', 'VEDGD5DE9SDVCKLDRBPZ'),
('77', 'H4ZAUYOIRQ8C547S3X92'),
('78', '1SKWQT0JC7QMNMDRZAIM'),
('79', '5TFX8WVJ5GPSH1YRFVG3'),
('8', 'FTM77RD2SWTI1APMXZGB'),
('80', 'M31NBZCEWOAREB07KMTH'),
('81', 'MSM8X637O41IQ1CMZPUU'),
('82', 'UV6DVB4ELZO5ZE63LF38'),
('83', 'SPLRKD0QHQX1MHRE4Y4P'),
('84', 'IWO6ZYVIKFNRC6XQ736A'),
('85', 'LT9WC53Y1OP1KSKV168E'),
('86', '3ILD8U1QL8615P6AZAQG'),
('87', 'EN3N0UFBFV4KUCTBNM7R'),
('88', 'NOLOYA86HWG6HFU0GV60'),
('89', 'YKEMHQAJ54H8FII58RD5'),
('9', 'SROVRX5KVF8MF0J4Y49P'),
('90', 'IGKRXSUN85493Q8E4UHV'),
('91', '27T7VUUL5GB0NKBWS0L0'),
('92', '977FRYN2R43324Z1B1N4'),
('93', '9VRTNI6PV7MOXXLS3D0M'),
('94', 'Q77BUCF0W3SR7NGBY97W'),
('95', 'GO3CO98BY1JXGR97WE8X'),
('96', 'RX59679EKYOMDTIDJOOA'),
('97', 'QEVIHGU908UDBGNC8Z77'),
('98', 'XHDUG17DRVLXX168E1UT'),
('99', 'JILSTS657CRUR1PRA6JD');

-- --------------------------------------------------------

--
-- Table structure for table `ingredients`
--

CREATE TABLE `ingredients` (
  `Recipe_id` int(11) NOT NULL,
  `Ingredient_name` varchar(26) NOT NULL
) ENGINE=InnoDB DEFAULT CHARSET=utf8;

--
-- Dumping data for table `ingredients`
--

INSERT INTO `ingredients` (`Recipe_id`, `Ingredient_name`) VALUES
(0, 'bay leaf'),
(0, 'carrots'),
(0, 'celery'),
(0, 'chicken'),
(0, 'chicken bouillon'),
(0, 'chopped parsley'),
(0, 'onions'),
(0, 'poultry seasoning'),
(0, 'rice'),
(0, 'soup'),
(0, 'tomato sauce'),
(0, 'turkey'),
(0, 'water'),
(1, 'butter'),
(1, 'carrots'),
(1, 'cooked turkey'),
(1, 'dried basil'),
(1, 'garlic'),
(1, 'medium zucchini'),
(1, 'onions'),
(1, 'pasta'),
(1, 'pepper'),
(1, 'potatoes'),
(1, 'salt'),
(1, 'turkey stock'),
(2, 'chicken broth'),
(2, 'chopped celery'),
(2, 'chopped onion'),
(2, 'cooked turkey'),
(2, 'fresh thyme'),
(2, 'garlic powder'),
(2, 'kosher salt'),
(2, 'noodles'),
(2, 'pepper'),
(2, 'sliced carrots'),
(2, 'water'),
(3, 'carrots'),
(3, 'cooked turkey'),
(3, 'diced celery'),
(3, 'dried thyme'),
(3, 'freshly ground black peppe'),
(3, 'olive oil'),
(3, 'onions'),
(3, 'poultry seasoning'),
(3, 'Spike Seasoning'),
(3, 'stock'),
(3, 'zucchini'),
(4, 'bay leaf'),
(4, 'butter'),
(4, 'carrots'),
(4, 'chopped celery'),
(4, 'chopped fresh thyme'),
(4, 'chopped onion'),
(4, 'flour'),
(4, 'garlic'),
(4, 'ground black pepper'),
(4, 'half & half'),
(4, 'kosher salt'),
(4, 'mushrooms'),
(4, 'olive oil'),
(4, 'soy sauce'),
(4, 'turkey'),
(4, 'turkey stock'),
(4, 'wild rice'),
(5, 'all-purpose flour'),
(5, 'butter'),
(5, 'carrots'),
(5, 'celery'),
(5, 'celery salt'),
(5, 'freshly ground black peppe'),
(5, 'leeks'),
(5, 'light cream'),
(5, 'onions'),
(5, 'red potato'),
(5, 'sage'),
(5, 'thyme'),
(5, 'turkey meat'),
(5, 'turkey stock'),
(5, 'vermouth'),
(6, 'all-purpose flour'),
(6, 'baking powder'),
(6, 'bay leaves'),
(6, 'butter'),
(6, 'carrots'),
(6, 'celery ribs'),
(6, 'chicken stock'),
(6, 'cooked turkey'),
(6, 'dried thyme'),
(6, 'dumplings'),
(6, 'frozen corn'),
(6, 'garlic cloves'),
(6, 'heavy cream'),
(6, 'pepper'),
(6, 'rub'),
(6, 'salt'),
(6, 'skim milk'),
(6, 'sugar'),
(7, 'carrots'),
(7, 'chicken broth'),
(7, 'eggs'),
(7, 'extra-virgin olive oil'),
(7, 'fresh dill'),
(7, 'fresh lemon juice'),
(7, 'orzo'),
(7, 'pepper'),
(7, 'salt'),
(7, 'small yellow onion'),
(7, 'turkey'),
(7, 'water'),
(8, 'bay leaf'),
(8, 'carrots'),
(8, 'celery'),
(8, 'cut up cooked turkey'),
(8, 'fresh parsley'),
(8, 'onions'),
(8, 'pearl barley'),
(8, 'pepper'),
(8, 'poultry seasoning'),
(8, 'salt'),
(8, 'turkey'),
(8, 'water'),
(9, 'canned black beans'),
(9, 'cannellini beans'),
(9, 'carrots'),
(9, 'cayenne pepper'),
(9, 'chili powder'),
(9, 'chopped cilantro'),
(9, 'cumin'),
(9, 'diced onions'),
(9, 'flour'),
(9, 'garlic cloves'),
(9, 'ground pepper'),
(9, 'half & half'),
(9, 'jalapeno chilies'),
(9, 'kosher salt'),
(9, 'lime'),
(9, 'olive oil'),
(9, 'red bell pepper'),
(9, 'sour cream'),
(9, 'turkey breast'),
(9, 'turkey stock'),
(10, 'all-purpose flour'),
(10, 'butter'),
(10, 'carrots'),
(10, 'celery'),
(10, 'cream'),
(10, 'fresh spinach'),
(10, 'garlic'),
(10, 'grated nutmeg'),
(10, 'onions'),
(10, 'parmesan cheese'),
(10, 'pepper'),
(10, 'potato gnocchi'),
(10, 'red pepper flakes'),
(10, 'salt'),
(10, 'turkey broth'),
(10, 'turkey meat'),
(11, 'bay leaves'),
(11, 'cabbage'),
(11, 'cannellini beans'),
(11, 'carrots'),
(11, 'celery'),
(11, 'celery ribs'),
(11, 'dried basil'),
(11, 'garlic'),
(11, 'grated parmesan cheese'),
(11, 'green beans'),
(11, 'italian style stewed tomat'),
(11, 'medium potatoes'),
(11, 'onions'),
(11, 'pasta'),
(11, 'pepper'),
(11, 'salt'),
(11, 'squash'),
(11, 'turkey carcass'),
(11, 'white kidney beans'),
(12, 'carrots'),
(12, 'celery'),
(12, 'egg noodles'),
(12, 'parmesan cheese'),
(12, 'parsley'),
(12, 'pepper'),
(12, 'salt'),
(12, 'turkey carcass'),
(12, 'turkey meat'),
(13, 'black pepper'),
(13, 'butter'),
(13, 'carrots'),
(13, 'celery ribs'),
(13, 'chicken stock'),
(13, 'flour'),
(13, 'frozen peas'),
(13, 'milk'),
(13, 'rice mix'),
(13, 'salt'),
(13, 'turkey'),
(13, 'yellow onion'),
(14, 'bay leaf'),
(14, 'black pepper'),
(14, 'carrots'),
(14, 'celery'),
(14, 'chicken stock'),
(14, 'cooked turkey'),
(14, 'fresh thyme'),
(14, 'frozen corn'),
(14, 'salt'),
(14, 'small yellow onion'),
(14, 'water'),
(15, 'bay leaf'),
(15, 'carrots'),
(15, 'celery'),
(15, 'dried thyme'),
(15, 'fresh parsley'),
(15, 'onions'),
(15, 'salt'),
(15, 'stuffing'),
(15, 'turkey carcass'),
(15, 'turkey gravy'),
(16, 'avocado'),
(16, 'carrots'),
(16, 'chili beans'),
(16, 'chili powder'),
(16, 'cooked turkey'),
(16, 'coriander'),
(16, 'cumin'),
(16, 'diced tomatoes'),
(16, 'fresh cilantro'),
(16, 'frozen corn'),
(16, 'garlic'),
(16, 'grating cheese'),
(16, 'jalapeno chilies'),
(16, 'lime juice'),
(16, 'olive oil'),
(16, 'onions'),
(16, 'oregano'),
(16, 'sour cream'),
(16, 'tortilla chips'),
(16, 'turkey stock'),
(17, 'avocado'),
(17, 'black peppercorns'),
(17, 'carrots'),
(17, 'cayenne'),
(17, 'cilantro leaves'),
(17, 'cinnamon sticks'),
(17, 'coriander seeds'),
(17, 'corn tortillas'),
(17, 'cumin seed'),
(17, 'diced celery'),
(17, 'diced onions'),
(17, 'garlic cloves'),
(17, 'jalapeno chilies'),
(17, 'lime wedges'),
(17, 'salt'),
(17, 'scallions'),
(17, 'turkey broth'),
(17, 'turkey meat'),
(17, 'vegetable oil'),
(18, 'bay leaves'),
(18, 'brown rice'),
(18, 'carrots'),
(18, 'celery'),
(18, 'chicken broth'),
(18, 'olive oil'),
(18, 'onions'),
(18, 'pepper'),
(18, 'roast turkey'),
(18, 'salt'),
(19, 'canola oil'),
(19, 'carrots'),
(19, 'celery'),
(19, 'fresh tarragon'),
(19, 'ground black pepper'),
(19, 'kosher salt'),
(19, 'parsley'),
(19, 'pasta'),
(19, 'purple onion'),
(19, 'turkey carcass'),
(19, 'water'),
(20, 'beef'),
(20, 'garlic'),
(20, 'herbs'),
(20, 'salt'),
(20, 'spices'),
(20, 'vegetable oil'),
(21, 'all-purpose flour'),
(21, 'beef broth'),
(21, 'broccoli'),
(21, 'fresh ginger root'),
(21, 'garlic'),
(21, 'round steaks'),
(21, 'soy sauce'),
(21, 'white sugar'),
(22, 'beef'),
(22, 'brown sugar'),
(22, 'pepper'),
(22, 'salt'),
(23, 'corn starch'),
(23, 'crushed red pepper flakes'),
(23, 'dark brown sugar'),
(23, 'dark soy sauce'),
(23, 'flank steak'),
(23, 'garlic'),
(23, 'green onions'),
(23, 'red bell pepper'),
(23, 'salt'),
(23, 'sesame oil'),
(23, 'soy sauce'),
(23, 'water'),
(23, 'white sesame seeds'),
(24, 'bay leaf'),
(24, 'beef'),
(24, 'chillies'),
(24, 'garlic'),
(24, 'olive oil'),
(24, 'onions'),
(24, 'pepper'),
(24, 'salt'),
(24, 'white wine'),
(25, 'baby potatoes'),
(25, 'beef roast'),
(25, 'extra-virgin olive oil'),
(25, 'freshly ground pepper'),
(25, 'garlic'),
(25, 'kosher salt'),
(25, 'rosemary'),
(25, 'thyme'),
(25, 'white onion'),
(26, 'Alfredo sauce'),
(26, 'diced tomatoes and green c'),
(26, 'egg noodles'),
(26, 'garlic powder'),
(26, 'ground beef'),
(26, 'red pepper flakes'),
(26, 'salt'),
(27, 'baby carrots'),
(27, 'beef'),
(27, 'chili oil'),
(27, 'corn starch'),
(27, 'dark soy sauce'),
(27, 'garlic'),
(27, 'garlic chili sauce'),
(27, 'green bell pepper'),
(27, 'oil'),
(27, 'oyster sauce'),
(27, 'red bell pepper'),
(27, 'scallions'),
(27, 'sesame oil'),
(27, 'Shaoxing wine'),
(27, 'soy sauce'),
(27, 'sugar'),
(27, 'water'),
(28, 'brown sugar'),
(28, 'canola oil'),
(28, 'chile paste'),
(28, 'cilantro leaves'),
(28, 'corn starch'),
(28, 'flank steak'),
(28, 'fresh ginger'),
(28, 'garlic'),
(28, 'jalapeno chilies'),
(28, 'low sodium soy sauce'),
(28, 'red bell pepper'),
(28, 'red pepper flakes'),
(28, 'sherry'),
(28, 'yellow onion'),
(29, 'beef'),
(29, 'beef stock'),
(29, 'cracked black pepper'),
(29, 'fresh thyme leaves'),
(29, 'kosher salt'),
(29, 'minced garlic'),
(29, 'olive oil'),
(29, 'red wine'),
(30, 'beef'),
(30, 'black pepper'),
(30, 'brown sugar'),
(30, 'crushed garlic'),
(30, 'dipping sauces'),
(30, 'kiwi'),
(30, 'pepper sauce'),
(30, 'rib eye steaks'),
(30, 'rice wine'),
(30, 'salad oil'),
(30, 'sesame oil'),
(30, 'soy sauce'),
(30, 'soybean paste'),
(30, 'water'),
(31, 'beef stew meat'),
(31, 'butter'),
(31, 'onion soup mix'),
(32, 'broccoli florets'),
(32, 'canola oil'),
(32, 'crushed red pepper flakes'),
(32, 'fresh ginger'),
(32, 'garlic'),
(32, 'honey'),
(32, 'low sodium soy sauce'),
(32, 'sesame oil'),
(32, 'skirt steak'),
(33, 'bread'),
(33, 'butter'),
(33, 'flour'),
(33, 'ground beef'),
(33, 'kosher salt'),
(33, 'onions'),
(33, 'pepper'),
(33, 'whole milk'),
(34, 'cold water'),
(34, 'corn starch'),
(34, 'crushed red pepper'),
(34, 'eggs'),
(34, 'flank steak'),
(34, 'garlic salt'),
(34, 'green bell pepper'),
(34, 'ketchup'),
(34, 'pepper'),
(34, 'salt'),
(34, 'soy sauce'),
(34, 'sugar'),
(34, 'vinegar'),
(34, 'water'),
(34, 'yellow onion'),
(35, 'broccoli'),
(35, 'brown rice'),
(35, 'brown sugar'),
(35, 'garlic'),
(35, 'green onions'),
(35, 'ground ginger'),
(35, 'lean ground beef'),
(35, 'pepper'),
(35, 'red bell pepper'),
(35, 'salt'),
(35, 'soy sauce'),
(36, 'chuck roast'),
(36, 'garlic'),
(36, 'hoagie rolls'),
(36, 'pepperoncini'),
(36, 'provolone cheese'),
(37, 'beef stock'),
(37, 'carrots'),
(37, 'celery'),
(37, 'chuck'),
(37, 'dried thyme'),
(37, 'extra-virgin olive oil'),
(37, 'red wine'),
(37, 'salt and ground black pepp'),
(37, 'spanish onion'),
(38, 'bell pepper'),
(38, 'chili powder'),
(38, 'lime juice'),
(38, 'oil'),
(38, 'onions'),
(38, 'scallions'),
(38, 'skirt steak'),
(38, 'soy sauce'),
(39, 'Alfredo sauce'),
(39, 'black pepper'),
(39, 'egg noodles'),
(39, 'garlic powder'),
(39, 'ground beef'),
(39, 'salt'),
(39, 'tomato sauce'),
(40, 'bone-in pork chops'),
(40, 'butter'),
(40, 'flour'),
(40, 'milk'),
(40, 'onions'),
(40, 'pepper'),
(40, 'salt'),
(40, 'water'),
(41, 'boneless chop pork'),
(41, 'marinara sauce'),
(41, 'mozzarella cheese'),
(41, 'olive oil'),
(41, 'onions'),
(41, 'spinach'),
(41, 'whole grain pasta'),
(42, 'chunky peanut butter'),
(42, 'coriander'),
(42, 'fish sauce'),
(42, 'garlic cloves'),
(42, 'green peppercorns'),
(42, 'oil'),
(42, 'pork'),
(43, 'basmati rice'),
(43, 'caster sugar'),
(43, 'crème fraîche'),
(43, 'dijon mustard'),
(43, 'fresh parsley'),
(43, 'lemon'),
(43, 'olive oil'),
(43, 'pork loin'),
(43, 'purple onion'),
(43, 'red wine vinegar'),
(44, 'black pepper'),
(44, 'fresh lime juice'),
(44, 'ground coriander'),
(44, 'ground cumin'),
(44, 'pork tenderloin'),
(44, 'sea salt'),
(44, 'smoked paprika'),
(44, 'vegetable oil'),
(45, 'chorizo'),
(45, 'cilantro'),
(45, 'green onions'),
(45, 'heavy cream'),
(45, 'jack cheese'),
(45, 'pork loin'),
(45, 'red bell pepper'),
(45, 'unsalted butter'),
(45, 'water'),
(46, 'bacon'),
(46, 'chili powder'),
(46, 'cooking fat'),
(46, 'dijon mustard'),
(46, 'freshly ground black peppe'),
(46, 'ground cinnamon'),
(46, 'maple syrup'),
(46, 'pork tenderloin'),
(46, 'sea salt'),
(46, 'smoked paprika'),
(46, 'unsweetened applesauce'),
(47, 'bay leaves'),
(47, 'black pepper'),
(47, 'chipotles in adobo'),
(47, 'cilantro'),
(47, 'corn tortillas'),
(47, 'dried oregano'),
(47, 'fresh lime juice'),
(47, 'frozen corn'),
(47, 'garlic'),
(47, 'ground cumin'),
(47, 'large tomato'),
(47, 'onions'),
(47, 'pork shoulder boston butt'),
(47, 'radishes'),
(47, 'sea salt'),
(47, 'spices'),
(47, 'water'),
(48, 'brown sugar'),
(48, 'cracked black pepper'),
(48, 'ginger'),
(48, 'korean chile paste'),
(48, 'minced garlic'),
(48, 'onions'),
(48, 'pears'),
(48, 'pork loin'),
(48, 'scallions'),
(48, 'sesame oil'),
(48, 'sesame seeds'),
(48, 'soy sauce'),
(49, 'green chile'),
(49, 'ground pork'),
(49, 'minced garlic'),
(49, 'olive oil'),
(49, 'potatoes'),
(49, 'salsa verde'),
(49, 'salt'),
(50, 'coconut aminos'),
(50, 'date sugar'),
(50, 'Himalayan salt'),
(50, 'pork shoulder'),
(50, 'water'),
(51, 'garlic cloves'),
(51, 'ground black pepper'),
(51, 'olive oil'),
(51, 'oregano'),
(51, 'pork shoulder butt'),
(51, 'salt'),
(51, 'white vinegar'),
(52, 'bone-in pork chops'),
(52, 'carrots'),
(52, 'dijon mustard'),
(52, 'honey'),
(52, 'oregano'),
(52, 'pepper'),
(52, 'salt'),
(52, 'white wine'),
(52, 'worcestershire sauce'),
(53, 'chinese five-spice powder'),
(53, 'garlic'),
(53, 'pork belly'),
(53, 'salt'),
(54, 'brown sugar'),
(54, 'garlic'),
(54, 'ginger'),
(54, 'onions'),
(54, 'pork shoulder boston butt'),
(54, 'red pepper flakes'),
(54, 'rice vinegar'),
(54, 'soy sauce'),
(54, 'star anise'),
(54, 'toasted sesame oil'),
(55, 'all-purpose flour'),
(55, 'cayenne pepper'),
(55, 'diced tomatoes'),
(55, 'fresh cilantro'),
(55, 'garlic cloves'),
(55, 'ground cloves'),
(55, 'ground cumin'),
(55, 'low sodium chicken broth'),
(55, 'mustard seeds'),
(55, 'onions'),
(55, 'paprika'),
(55, 'pepper'),
(55, 'pork butt roast'),
(55, 'red wine vinegar'),
(55, 'salt'),
(55, 'sugar'),
(55, 'vegetable oil'),
(56, 'apples'),
(56, 'black pepper'),
(56, 'ground cinnamon'),
(56, 'maple syrup'),
(56, 'onions'),
(56, 'pork loin'),
(56, 'salt'),
(57, 'barbecue sauce'),
(57, 'italian salad dressing'),
(57, 'loin pork chops'),
(57, 'vegetable oil'),
(58, 'bacon'),
(58, 'green onions'),
(58, 'ranch salad dressing mix'),
(58, 'red potato'),
(58, 'shredded cheddar cheese'),
(59, 'black pepper'),
(59, 'boneless chop pork'),
(59, 'chives'),
(59, 'fresh parsley'),
(59, 'fresh rosemary'),
(59, 'fresh sage'),
(59, 'garlic'),
(59, 'heavy cream'),
(59, 'onions'),
(59, 'portabello mushroom'),
(59, 'sea salt'),
(59, 'unsalted butter'),
(59, 'vegetable oil'),
(60, 'all-purpose flour'),
(60, 'baby carrots'),
(60, 'bay leaf'),
(60, 'beef'),
(60, 'beef broth'),
(60, 'Bellino Minced Garlic'),
(60, 'dri thyme leaves, crush'),
(60, 'extra-virgin olive oil'),
(60, 'ground black pepper'),
(60, 'medium potatoes'),
(60, 'onions'),
(60, 'water'),
(61, 'all-purpose flour'),
(61, 'baby carrots'),
(61, 'beef stock'),
(61, 'chuck roast'),
(61, 'cracked black pepper'),
(61, 'Entwine Cabernet Sauvignon'),
(61, 'extra-virgin olive oil'),
(61, 'fresh parsley'),
(61, 'garlic cloves'),
(61, 'italian seasoning'),
(61, 'kosher salt'),
(61, 'paprika'),
(61, 'red potato'),
(61, 'shallots'),
(61, 'unsalted butter'),
(61, 'worcestershire sauce'),
(62, 'extra-virgin olive oil'),
(62, 'mushrooms'),
(62, 'shredded cheddar cheese'),
(62, 'whole wheat bread'),
(63, 'canned chicken broth'),
(63, 'chicken'),
(63, 'elbow macaroni'),
(63, 'green pepper'),
(63, 'onions'),
(63, 'salt'),
(63, 'sausages'),
(63, 'shredded Monterey Jack che'),
(63, 'tomato sauce'),
(63, 'tomatoes'),
(63, 'water'),
(64, 'olive oil'),
(64, 'onions'),
(64, 'pepper'),
(64, 'potatoes'),
(64, 'sausages'),
(64, 'spices'),
(65, 'carrots'),
(65, 'chicken broth'),
(65, 'chickpeas'),
(65, 'diced tomatoes'),
(65, 'dry pasta'),
(65, 'fresh basil'),
(65, 'freshly ground black peppe'),
(65, 'grated parmesan cheese'),
(65, 'kidney'),
(65, 'kosher salt'),
(65, 'large garlic cloves'),
(65, 'olive oil'),
(65, 'white onion'),
(66, 'barley'),
(66, 'beef boneless chuck steak'),
(66, 'carrots'),
(66, 'fat free reduced sodium be'),
(66, 'garlic'),
(66, 'KRAFT Zesty Italian Dressi'),
(66, 'mixed mushrooms'),
(66, 'onions'),
(66, 'Oscar Mayer Bacon'),
(66, 'sauce'),
(66, 'water'),
(67, 'basil leaves'),
(67, 'chives'),
(67, 'ciabatta loaf'),
(67, 'fresh basil'),
(67, 'marinara sauce'),
(67, 'medium eggs'),
(67, 'olive oil'),
(67, 'pepper'),
(67, 'pesto sauce'),
(67, 'salt'),
(68, 'fruit'),
(68, 'Jif Creamy Peanut Butter'),
(68, 'sandwich bread'),
(68, 'unsalted butter'),
(69, 'bay leaves'),
(69, 'cabbage'),
(69, 'cannellini beans'),
(69, 'carrots'),
(69, 'celery'),
(69, 'celery ribs'),
(69, 'dried basil'),
(69, 'garlic'),
(69, 'grated parmesan cheese'),
(69, 'green beans'),
(69, 'italian style stewed tomat'),
(69, 'medium potatoes'),
(69, 'onions'),
(69, 'pasta'),
(69, 'pepper'),
(69, 'salt'),
(69, 'squash'),
(69, 'turkey carcass'),
(69, 'white kidney beans'),
(70, 'all-purpose flour'),
(70, 'applewood smoked bacon'),
(70, 'bay leaf'),
(70, 'beef stock'),
(70, 'boneless beef chuck'),
(70, 'canola oil'),
(70, 'carrots'),
(70, 'celery'),
(70, 'flat leaf parsley'),
(70, 'fresh rosemary'),
(70, 'fresh thyme'),
(70, 'freshly ground pepper'),
(70, 'garlic'),
(70, 'kosher salt'),
(70, 'red potato'),
(70, 'tomato paste'),
(70, 'unsalted butter'),
(70, 'yellow onion'),
(71, 'bay leaf'),
(71, 'cayenne pepper'),
(71, 'chicken broth'),
(71, 'chuck'),
(71, 'flour'),
(71, 'onion powder'),
(71, 'oregano'),
(71, 'paprika'),
(71, 'potatoes'),
(71, 'red wine'),
(71, 'salt'),
(72, 'eggs'),
(72, 'grated parmesan cheese'),
(72, 'ground beef'),
(72, 'lasagna noodles, cooked an'),
(72, 'prego traditional italian '),
(72, 'ricotta cheese'),
(72, 'shredded mozzarella cheese'),
(73, 'chickpeas'),
(73, 'crushed red pepper flakes'),
(73, 'fresh rosemary'),
(73, 'garlic cloves'),
(73, 'olive oil'),
(73, 'pepper'),
(73, 'salt'),
(73, 'water'),
(74, 'all-purpose flour'),
(74, 'chuck'),
(74, 'coarse salt'),
(74, 'diced tomatoes'),
(74, 'frozen peas and carrots'),
(74, 'pepper'),
(74, 'potatoes'),
(75, 'bay leaf'),
(75, 'carrots'),
(75, 'celery'),
(75, 'diced tomatoes in juice'),
(75, 'ditalini'),
(75, 'dried basil'),
(75, 'dried thyme'),
(75, 'farro'),
(75, 'frozen corn'),
(75, 'frozen green beans'),
(75, 'frozen peas'),
(75, 'garlic'),
(75, 'kidney beans'),
(75, 'low sodium vegetable broth'),
(75, 'marjoram'),
(75, 'olive oil'),
(75, 'onions'),
(75, 'red potato'),
(76, 'all-purpose flour'),
(76, 'baby carrots'),
(76, 'beef stock'),
(76, 'chuck roast'),
(76, 'cracked black pepper'),
(76, 'Entwine Cabernet Sauvignon'),
(76, 'extra-virgin olive oil'),
(76, 'fresh parsley'),
(76, 'garlic cloves'),
(76, 'italian seasoning'),
(76, 'kosher salt'),
(76, 'paprika'),
(76, 'red potato'),
(76, 'shallots'),
(76, 'unsalted butter'),
(76, 'worcestershire sauce'),
(77, '1% low-fat milk'),
(77, 'boneless skinless turkey b'),
(77, 'broccoli florets'),
(77, 'chicken broth'),
(77, 'flour'),
(77, 'garlic'),
(77, 'mushrooms'),
(77, 'olive oil'),
(77, 'onions'),
(77, 'salt'),
(77, 'yukon gold potatoes'),
(78, 'all purpose seasoning'),
(78, 'apple cider vinegar'),
(78, 'bay leaf'),
(78, 'black pepper'),
(78, 'brown lentils'),
(78, 'cayenne pepper'),
(78, 'chopped celery'),
(78, 'cooked quinoa'),
(78, 'cumin'),
(78, 'fresh parsley'),
(78, 'garlic'),
(78, 'olive oil'),
(78, 'paprika'),
(78, 'roasted tomatoes'),
(78, 'sea salt'),
(78, 'sweet potatoes'),
(78, 'swiss chard'),
(78, 'thyme'),
(78, 'vegetable broth'),
(78, 'yellow onion'),
(79, 'breakfast sausages'),
(79, 'butter'),
(79, 'cheese'),
(79, 'cream cheese'),
(79, 'eggs'),
(79, 'flour tortillas'),
(79, 'green onions'),
(79, 'pepper'),
(79, 'salt'),
(80, 'all-purpose flour'),
(80, 'butter'),
(80, 'confectioners sugar'),
(80, 'granulated sugar'),
(80, 'large eggs'),
(80, 'lemon'),
(80, 'salt'),
(81, 'flour'),
(81, 'large eggs'),
(81, 'lemon'),
(81, 'powdered sugar'),
(81, 'salt'),
(81, 'salted butter'),
(81, 'sugar'),
(82, 'crème fraîche'),
(82, 'egg yolks'),
(82, 'half & half'),
(82, 'heavy cream'),
(82, 'lemon'),
(82, 'sugar'),
(83, 'all purpose unbleached flo'),
(83, 'confectioners sugar'),
(83, 'corn starch'),
(83, 'fresh lemon juice'),
(83, 'lemon zest'),
(83, 'salt'),
(83, 'unsalted butter'),
(84, 'butter'),
(84, 'eggs'),
(84, 'graham cracker crumbs'),
(84, 'Knudsen Sour Cream'),
(84, 'lemon'),
(84, 'Philadelphia Cream Cheese'),
(84, 'sugar'),
(85, 'fresh lemon juice'),
(85, 'Heinz Chili Sauce'),
(85, 'Heinz Ketchup'),
(85, 'prepared horseradish'),
(85, 'Tabasco Pepper Sauce'),
(85, 'worcestershire sauce'),
(86, 'cream cheese'),
(86, 'Golden OREO Cookies'),
(86, 'lemon zest'),
(86, 'sprinkles'),
(86, 'vanilla'),
(87, 'all-purpose flour'),
(87, 'confectioners sugar'),
(87, 'extra large eggs'),
(87, 'granulated sugar'),
(87, 'grated lemon zest'),
(87, 'kosher salt'),
(87, 'lemon juice'),
(87, 'unsalted butter'),
(88, 'fresh dill'),
(88, 'fresh lemon juice'),
(88, 'lemon'),
(88, 'salmon'),
(88, 'sea salt'),
(88, 'unsalted butter'),
(89, 'Himalayan salt'),
(89, 'lemon'),
(89, 'maple syrup'),
(89, 'water'),
(90, 'butter'),
(90, 'dinner rolls'),
(90, 'fresh lemon juice'),
(90, 'lemon'),
(90, 'powdered sugar'),
(90, 'sugar'),
(91, 'all-purpose flour'),
(91, 'confectioners sugar'),
(91, 'fresh lemon juice'),
(91, 'granulated sugar'),
(91, 'large egg yolks'),
(91, 'unsalted butter'),
(91, 'whole milk'),
(92, 'all-purpose flour'),
(92, 'baking powder'),
(92, 'baking soda'),
(92, 'butter'),
(92, 'cold water'),
(92, 'extra large eggs'),
(92, 'fresh lemon juice'),
(92, 'lemon zest'),
(92, 'powdered sugar'),
(92, 'sea salt'),
(92, 'sugar'),
(92, 'vanilla extract'),
(92, 'whole wheat pastry flour'),
(93, 'butter'),
(93, 'egg whites'),
(93, 'eggs'),
(93, 'flour'),
(93, 'lemon juice'),
(93, 'lemon zest'),
(93, 'powdered sugar'),
(93, 'sugar'),
(94, 'cashew butter'),
(94, 'coconut oil'),
(94, 'honey'),
(94, 'lemon'),
(94, 'lemon zest'),
(94, 'sea salt'),
(94, 'vanilla extract'),
(95, 'all-purpose flour'),
(95, 'butter'),
(95, 'corn starch'),
(95, 'egg whites'),
(95, 'egg yolks'),
(95, 'lemon'),
(95, 'pie crust'),
(95, 'salt'),
(95, 'water'),
(95, 'white sugar'),
(96, 'blueberries'),
(96, 'buttermilk'),
(96, 'granulated sugar'),
(96, 'lemon'),
(96, 'lemon juice'),
(96, 'water'),
(97, 'butter'),
(97, 'eggs'),
(97, 'flour'),
(97, 'lemon'),
(97, 'lemon juice'),
(97, 'lemon zest'),
(97, 'powdered sugar'),
(97, 'salt'),
(97, 'sugar'),
(98, 'all-purpose flour'),
(98, 'butter'),
(98, 'confectioners sugar'),
(98, 'granulated sugar'),
(98, 'large eggs'),
(98, 'lemon'),
(98, 'salt'),
(99, 'all-purpose flour'),
(99, 'baking powder'),
(99, 'chopped pecans'),
(99, 'dark chocolate'),
(99, 'eggs'),
(99, 'granulated sugar'),
(99, 'lemon'),
(99, 'salt'),
(99, 'unsalted butter'),
(99, 'vanilla'),
(100, 'black beans'),
(100, 'chili oil'),
(100, 'garlic'),
(100, 'ground chicken'),
(100, 'hot salsa'),
(100, 'olives'),
(100, 'onions'),
(100, 'shredded reduced fat chedd'),
(100, 'taco seasoning'),
(100, 'tortilla chips'),
(101, 'ground beef'),
(101, 'refried beans'),
(101, 'shredded cheese'),
(101, 'taco seasoning'),
(101, 'taco shells'),
(101, 'taco toppings'),
(101, 'tomato sauce'),
(102, 'cayenne pepper'),
(102, 'chili powder'),
(102, 'colby jack cheese'),
(102, 'condiments'),
(102, 'corn starch'),
(102, 'dried minced onion'),
(102, 'dried oregano'),
(102, 'garlic powder'),
(102, 'ground beef'),
(102, 'ground cumin'),
(102, 'guacamole'),
(102, 'lettuce'),
(102, 'refried beans'),
(102, 'salsa'),
(102, 'taco shells'),
(102, 'tomato sauce'),
(102, 'tomatoes'),
(103, 'asadero'),
(103, 'avocado'),
(103, 'black pepper'),
(103, 'cilantro'),
(103, 'cilantro leaves'),
(103, 'corn tortillas'),
(103, 'garlic'),
(103, 'green onions'),
(103, 'ground chipotle chile pepp'),
(103, 'ground cumin'),
(103, 'jalapeno chilies'),
(103, 'large tomato'),
(103, 'lime'),
(103, 'lime juice'),
(103, 'olive oil'),
(103, 'purple onion'),
(103, 'radishes'),
(103, 'red cabbage'),
(103, 'red pepper'),
(103, 'sea salt'),
(103, 'skirt steak'),
(103, 'tomatillos'),
(104, 'chopped onion'),
(104, 'lean ground beef'),
(104, 'olive oil'),
(104, 'refrigerated pizza dough'),
(104, 'romaine lettuce'),
(104, 'shredded cheese'),
(104, 'sour cream'),
(104, 'taco sauce'),
(104, 'taco seasoning'),
(104, 'tomatoes'),
(104, 'unsalted butter'),
(104, 'water'),
(105, 'bell pepper'),
(105, 'chipotle'),
(105, 'ground beef'),
(105, 'hot sauce'),
(105, 'romaine lettuce'),
(105, 'shredded mozzarella cheese'),
(105, 'taco shells'),
(106, 'corn tortillas'),
(106, 'frozen corn'),
(106, 'ground beef'),
(106, 'purple onion'),
(106, 'shredded cheddar cheese'),
(106, 'taco sauce'),
(107, 'ground beef'),
(107, 'refried beans'),
(107, 'shredded cheese'),
(107, 'taco seasoning'),
(107, 'taco shells'),
(107, 'taco toppings'),
(107, 'tomato sauce'),
(108, 'beef'),
(108, 'diced tomatoes'),
(108, 'flour tortillas'),
(108, 'shredded cheddar cheese'),
(108, 'shredded lettuce'),
(108, 'taco seasoning mix'),
(108, 'water'),
(109, 'Egglands Best® eggs'),
(109, 'flour tortillas'),
(109, 'pepper'),
(109, 'red pepper'),
(109, 'salsa'),
(109, 'salt'),
(109, 'shredded cheese'),
(110, 'cream cheese'),
(110, 'lean ground beef'),
(110, 'refrigerated crescent roll'),
(110, 'shredded cheddar cheese'),
(110, 'taco seasoning'),
(111, 'avocado'),
(111, 'fresh cilantro'),
(111, 'lime'),
(111, 'rotisserie chicken'),
(111, 'salsa verde'),
(111, 'shredded cheddar cheese'),
(111, 'sour cream'),
(111, 'taco shells'),
(112, 'boneless skinless chicken '),
(112, 'chicken broth'),
(112, 'ranch dressing'),
(112, 'taco seasoning mix'),
(113, 'chickpeas'),
(113, 'cilantro'),
(113, 'garlic cloves'),
(113, 'lime'),
(113, 'onions'),
(113, 'taco seasoning'),
(113, 'tomatoes'),
(114, 'diced tomatoes'),
(114, 'ground sirloin'),
(114, 'guacamole'),
(114, 'refrigerated pizza dough'),
(114, 'shredded cheese'),
(114, 'shredded lettuce'),
(114, 'sour cream'),
(114, 'taco seasoning'),
(115, 'lean ground beef'),
(115, 'McCormick Taco Seasoning M'),
(115, 'taco shells'),
(115, 'water'),
(116, 'lean ground beef'),
(116, 'Mexican cheese blend'),
(116, 'Pace Chunky Salsa'),
(116, 'pace picante sauce'),
(116, 'taco seasoning mix'),
(116, 'wonton wrappers'),
(117, 'avocado'),
(117, 'black beans'),
(117, 'cilantro'),
(117, 'lime'),
(117, 'minced onion'),
(117, 'purple onion'),
(117, 'salsa'),
(117, 'salt'),
(117, 'taco seasoning'),
(117, 'tortillas'),
(117, 'tvp'),
(117, 'water'),
(118, 'chopped onion'),
(118, 'lean ground beef'),
(118, 'olive oil'),
(118, 'refrigerated pizza dough'),
(118, 'romaine lettuce'),
(118, 'shredded cheese'),
(118, 'sour cream'),
(118, 'taco sauce'),
(118, 'taco seasoning'),
(118, 'tomatoes'),
(118, 'unsalted butter'),
(118, 'water'),
(119, '95% lean ground beef'),
(119, 'catalina dressing'),
(119, 'doritos'),
(119, 'fat'),
(119, 'iceberg lettuce'),
(119, 'large tomato'),
(119, 'taco seasoning reduced sod'),
(120, 'butter'),
(120, 'chutney'),
(120, 'cranberries'),
(120, 'dinner rolls'),
(120, 'prosciutto'),
(120, 'provolone cheese'),
(120, 'sage leaves'),
(120, 'turkey'),
(121, 'all-purpose flour'),
(121, 'bread crumbs'),
(121, 'broccoli florets'),
(121, 'chicken stock'),
(121, 'dried sage'),
(121, 'extra-virgin olive oil'),
(121, 'fettucine'),
(121, 'finely chopped onion'),
(121, 'grated parmesan cheese'),
(121, 'ground nutmeg'),
(121, 'milk'),
(121, 'mushrooms'),
(121, 'salt'),
(121, 'salted butter'),
(121, 'sherry'),
(121, 'turkey'),
(122, 'brie cheese'),
(122, 'cranberry sauce'),
(122, 'lettuce'),
(122, 'sandwich bread'),
(122, 'turkey'),
(123, 'butter'),
(123, 'chopped onion'),
(123, 'flat leaf parsley'),
(123, 'low sodium chicken broth'),
(123, 'low-fat milk'),
(123, 'non-fat sour cream'),
(123, 'parmesan cheese'),
(123, 'turkey'),
(123, 'vegetable oil'),
(123, 'white button mushrooms'),
(123, 'whole wheat spaghetti'),
(124, 'brie cheese'),
(124, 'cheese'),
(124, 'cranberry sauce'),
(124, 'croissants'),
(124, 'rocket leaves'),
(124, 'turkey breast'),
(125, 'bread'),
(125, 'cranberry sauce'),
(125, 'gravy'),
(125, 'lettuce'),
(125, 'turkey'),
(125, 'whole grain bread'),
(126, 'cranberry sauce'),
(126, 'dijon mustard'),
(126, 'monterey jack'),
(126, 'roast turkey'),
(126, 'sourdough bread'),
(126, 'unsalted butter'),
(127, 'bacon'),
(127, 'cooked turkey'),
(127, 'honey mustard dressing'),
(127, 'provolone cheese'),
(127, 'refrigerated crescent roll'),
(128, 'black pepper'),
(128, 'carrots'),
(128, 'celery ribs'),
(128, 'fresh rosemary'),
(128, 'onions'),
(128, 'orange'),
(128, 'sea salt'),
(128, 'turkey'),
(128, 'unsalted butter'),
(128, 'white wine'),
(129, 'alfalfa sprouts'),
(129, 'avocado slices'),
(129, 'Mission? Extra Thin Yellow'),
(129, 'pepper jack'),
(129, 'roma tomato slices'),
(129, 'sandwiches'),
(129, 'turkey breast'),
(130, 'butter'),
(130, 'chicken broth'),
(130, 'flour'),
(130, 'frozen mixed vegetables'),
(130, 'milk'),
(130, 'onions'),
(130, 'pepper'),
(130, 'pie crust'),
(130, 'salt'),
(130, 'turkey'),
(131, 'carrots'),
(131, 'celery ribs'),
(131, 'chopped parsley'),
(131, 'cooked turkey'),
(131, 'extra-virgin olive oil'),
(131, 'freshly grated parmesan'),
(131, 'freshly ground black peppe'),
(131, 'garlic cloves'),
(131, 'kosher salt'),
(131, 'marinara sauce'),
(131, 'onions'),
(131, 'pasta'),
(132, 'butter'),
(132, 'button mushrooms'),
(132, 'cooked turkey'),
(132, 'flour'),
(132, 'fontina cheese'),
(132, 'freshly ground black peppe'),
(132, 'frozen peas'),
(132, 'ground nutmeg'),
(132, 'heavy cream'),
(132, 'low sodium chicken stock'),
(132, 'nonstick spray'),
(132, 'noodles'),
(132, 'onions'),
(132, 'potato chips'),
(132, 'salt'),
(132, 'shredded swiss cheese'),
(132, 'whole milk'),
(133, 'bay leaf'),
(133, 'butter'),
(133, 'carrots'),
(133, 'celery'),
(133, 'dry white wine'),
(133, 'fresh thyme'),
(133, 'kosher salt'),
(133, 'onions'),
(133, 'turkey neck'),
(134, 'butter'),
(134, 'turkey'),
(135, 'bacon'),
(135, 'butter'),
(135, 'cheddar cheese'),
(135, 'cooked turkey'),
(135, 'eggs'),
(135, 'mozzarella cheese'),
(135, 'onions'),
(135, 'pie crust'),
(135, 'red pepper'),
(135, 'thyme'),
(136, 'Best Foods? Real Mayonnais'),
(136, 'cooked turkey'),
(136, 'mashed potatoes'),
(136, 'shredded mozzarella cheese'),
(136, 'stuffing'),
(136, 'whole cranberry sauce'),
(137, 'bone-in turkey breast'),
(137, 'celery'),
(137, 'chicken stock'),
(137, 'cornbread'),
(137, 'cream of chicken soup'),
(137, 'cream of mushroom soup'),
(137, 'onions'),
(137, 'pepper'),
(137, 'sage'),
(137, 'salt'),
(137, 'wheat bread'),
(138, 'flour'),
(138, 'garlic'),
(138, 'olive oil'),
(138, 'rosemary'),
(138, 'turkey'),
(138, 'turkey size oven bag'),
(139, 'bay leaf'),
(139, 'carrots'),
(139, 'celery'),
(139, 'chicken'),
(139, 'chicken bouillon'),
(139, 'chopped parsley'),
(139, 'onions'),
(139, 'poultry seasoning'),
(139, 'rice'),
(139, 'soup'),
(139, 'tomato sauce'),
(139, 'turkey'),
(139, 'water'),
(140, 'beaten eggs'),
(140, 'fresh lime juice'),
(140, 'kosher salt'),
(140, 'lime rind'),
(140, 'pie crust'),
(140, 'sweetened condensed milk'),
(141, 'brown sugar'),
(141, 'butter'),
(141, 'eggs'),
(141, 'light corn syrup'),
(141, 'oatmeal'),
(141, 'pie shell'),
(141, 'sugar'),
(141, 'vanilla'),
(142, 'chopped pecans'),
(142, 'dark brown sugar'),
(142, 'pie crust'),
(142, 'unsalted butter'),
(142, 'vanilla'),
(143, 'dark brown sugar'),
(143, 'dark corn syrup'),
(143, 'large eggs'),
(143, 'pecan halves'),
(143, 'pecans'),
(143, 'salt'),
(143, 'unbaked pie crusts'),
(143, 'unsalted butter'),
(143, 'vanilla'),
(144, 'butter'),
(144, 'cocoa'),
(144, 'cool whip'),
(144, 'egg yolks'),
(144, 'flour'),
(144, 'milk'),
(144, 'pie crust'),
(144, 'sugar'),
(144, 'vanilla'),
(145, 'all-purpose flour'),
(145, 'butter'),
(145, 'ground cinnamon'),
(145, 'large eggs'),
(145, 'pie shell'),
(145, 'red delicious apples'),
(145, 'salt'),
(145, 'sugar'),
(145, 'vanilla'),
(146, 'butter'),
(146, 'buttermilk'),
(146, 'eggs'),
(146, 'flour'),
(146, 'lemon juice'),
(146, 'nutmeg'),
(146, 'pie shell'),
(146, 'sugar'),
(146, 'vanilla'),
(147, 'almond flour'),
(147, 'baking powder'),
(147, 'eggs'),
(147, 'pumpkin pie spice'),
(147, 'pumpkin pur?e'),
(147, 'sugar'),
(147, 'whipped cream'),
(148, 'eggs'),
(148, 'light corn syrup'),
(148, 'pecans'),
(148, 'pie shell'),
(148, 'sugar'),
(148, 'unsalted butter'),
(148, 'vanilla'),
(149, 'all-purpose flour'),
(149, 'brown sugar'),
(149, 'Honeycrisp apples'),
(149, 'softened butter'),
(149, 'water'),
(149, 'white sugar'),
(150, 'chopped nuts'),
(150, 'graham cracker crusts'),
(150, 'large egg yolks'),
(150, 'Nestle Carnation Evaporate'),
(150, 'Nestle Toll House Semi-Swe'),
(150, 'whipped cream'),
(151, 'cream cheese'),
(151, 'evaporated milk'),
(151, 'large eggs'),
(151, 'pie shell'),
(151, 'pumpkin pie spice'),
(151, 'pumpkin pur?e'),
(151, 'salt'),
(151, 'sugar'),
(151, 'vanilla'),
(152, 'apple pie filling'),
(152, 'apples'),
(152, 'ground cinnamon'),
(152, 'pie crust'),
(153, 'butter'),
(153, 'chicken broth'),
(153, 'flour'),
(153, 'frozen mixed vegetables'),
(153, 'milk'),
(153, 'onions'),
(153, 'pepper'),
(153, 'pie crust'),
(153, 'salt'),
(153, 'turkey'),
(154, 'all-purpose flour'),
(154, 'butter'),
(154, 'dark brown sugar'),
(154, 'deep dish pie crust'),
(154, 'eggs'),
(154, 'milk'),
(154, 'pecans'),
(154, 'vanilla extract'),
(154, 'white sugar'),
(155, 'all-purpose flour'),
(155, 'butter'),
(155, 'chocolate chips'),
(155, 'chopped pecans'),
(155, 'eggs'),
(155, 'pie shell'),
(155, 'sugar'),
(155, 'vanilla'),
(156, 'cocoa powder'),
(156, 'eggs'),
(156, 'evaporated milk'),
(156, 'granulated sugar'),
(156, 'prepared pie crusts'),
(156, 'unsalted butter'),
(156, 'whipped cream'),
(157, 'apple pie filling'),
(157, 'coarse sugar'),
(157, 'eggs'),
(157, 'pie crust'),
(158, 'butterscotch chips'),
(158, 'cool whip'),
(158, 'graham cracker pie crust'),
(158, 'instant pudding mix'),
(158, 'milk'),
(158, 'sauce'),
(159, 'baking soda'),
(159, 'boiling water'),
(159, 'butter'),
(159, 'flour'),
(159, 'granulated sugar'),
(159, 'molasses'),
(159, 'pie crust'),
(180, 'bacon'),
(180, 'green onions'),
(180, 'ranch salad dressing mix'),
(180, 'red potato'),
(180, 'shredded cheddar cheese'),
(181, 'light brown sugar'),
(181, 'mini marshmallows'),
(181, 'sweet potatoes'),
(181, 'unsalted butter'),
(182, 'Alfredo sauce'),
(182, 'baking potatoes'),
(182, 'dried thyme'),
(182, 'garlic powder'),
(182, 'pepper'),
(182, 'shredded cheddar cheese'),
(182, 'shredded mozzarella cheese'),
(183, 'butter'),
(183, 'cream of chicken soup'),
(183, 'crushed cornflakes'),
(183, 'green onions'),
(183, 'medium potatoes'),
(183, 'melted butter'),
(183, 'pepper'),
(183, 'salt'),
(183, 'shredded cheddar cheese'),
(183, 'sour cream'),
(184, 'black pepper'),
(184, 'butter'),
(184, 'half & half'),
(184, 'salt'),
(184, 'sour cream'),
(184, 'water'),
(184, 'yukon gold potatoes'),
(185, 'coarse salt'),
(185, 'freshly ground black peppe'),
(185, 'heavy whipping cream'),
(185, 'milk'),
(185, 'unsalted butter'),
(185, 'yukon gold potatoes'),
(186, 'butter'),
(186, 'cooked bacon'),
(186, 'freshly ground black peppe'),
(186, 'russet potatoes'),
(186, 'salt'),
(186, 'shredded cheddar cheese'),
(187, 'freshly ground black peppe'),
(187, 'kosher salt'),
(187, 'monterey jack'),
(187, 'olive oil'),
(187, 'russet potatoes'),
(187, 'thick-cut bacon'),
(187, 'unsalted butter'),
(188, 'celery'),
(188, 'eggs'),
(188, 'ground black pepper'),
(188, 'hellmann or best food real'),
(188, 'onions'),
(188, 'potatoes'),
(188, 'red vinegar white white, w'),
(188, 'salt'),
(188, 'sugar'),
(189, 'baking potatoes'),
(189, 'double cream'),
(189, 'garlic'),
(189, 'ground black pepper'),
(189, 'salt'),
(190, 'brown sugar'),
(190, 'butter'),
(190, 'corn starch'),
(190, 'fresh lemon juice'),
(190, 'lemon zest'),
(190, 'salt'),
(190, 'sweet potatoes'),
(190, 'water'),
(191, 'butter'),
(191, 'milk'),
(191, 'pepper'),
(191, 'salt'),
(191, 'sweet potatoes'),
(191, 'vanilla extract'),
(192, 'butter'),
(192, 'plain greek yogurt'),
(192, 'red potato'),
(192, 'salt'),
(193, 'butter'),
(193, 'heavy cream'),
(193, 'milk'),
(193, 'russet potatoes'),
(193, 'salt'),
(194, 'black pepper'),
(194, 'cheddar cheese'),
(194, 'ground nutmeg'),
(194, 'heavy cream'),
(194, 'kosher salt'),
(194, 'milk'),
(194, 'onions'),
(194, 'russet potatoes'),
(194, 'thyme'),
(194, 'unsalted butter'),
(195, 'olive oil'),
(195, 'red potato'),
(195, 'sea salt'),
(195, 'Simply Organic All-Purpose'),
(196, 'baking potatoes'),
(196, 'chopped fresh chives'),
(196, 'crackers'),
(196, 'Kraft Grated Parmesan Chee'),
(196, 'KRAFT Zesty Italian Dressi'),
(196, 'Oscar Mayer Bacon'),
(197, 'coconut oil'),
(197, 'fresh rosemary'),
(197, 'grated parmesan cheese'),
(197, 'organic butter'),
(197, 'pepper'),
(197, 'sea salt'),
(197, 'sweet potatoes'),
(198, 'brown hash potato'),
(198, 'butter'),
(198, 'cream of chicken soup'),
(198, 'minced onion'),
(198, 'salt'),
(198, 'shredded cheddar cheese'),
(198, 'sour cream'),
(199, 'chopped fresh chives'),
(199, 'flour'),
(199, 'Knudsen Sour Cream'),
(199, 'KRAFT Shredded Triple Ched'),
(199, 'milk'),
(199, 'Oscar Mayer Bacon'),
(199, 'red potato'),
(200, 'bourbon whiskey'),
(200, 'brown sugar'),
(200, 'eggs'),
(200, 'ground cinnamon'),
(200, 'heavy cream'),
(200, 'milk'),
(200, 'pure vanilla extract'),
(201, 'animal cookies'),
(201, 'food gel'),
(201, 'heavy whipping cream'),
(201, 'sweetened condensed milk'),
(201, 'vanilla extract'),
(202, 'cinnamon'),
(202, 'eggnog'),
(202, 'ginger ale'),
(202, 'snickerdoodle'),
(202, 'whipped cream'),
(203, 'coconut cream'),
(203, 'egg yolks'),
(203, 'half & half'),
(203, 'heavy cream'),
(203, 'light coconut milk'),
(203, 'sugar'),
(203, 'sweetened coconut flakes'),
(204, 'brown sugar'),
(204, 'cocoa powder'),
(204, 'heavy cream'),
(204, 'vanilla'),
(204, 'whole milk'),
(205, 'condensed milk'),
(205, 'cream'),
(205, 'mango'),
(205, 'powdered milk'),
(206, 'egg yolks'),
(206, 'half & half'),
(206, 'heavy cream'),
(206, 'ice cream'),
(206, 'rosemary'),
(206, 'salt'),
(206, 'sugar'),
(206, 'vanilla beans'),
(207, 'heavy cream'),
(207, 'milk'),
(207, 'Reeses Peanut Butter Cups'),
(207, 'salt'),
(207, 'sugar'),
(207, 'vanilla'),
(208, 'heavy cream'),
(208, 'Nutella'),
(208, 'yoghurt'),
(209, 'caramel sauce'),
(209, 'fine sea salt'),
(209, 'heavy cream'),
(209, 'milk'),
(209, 'sugar'),
(209, 'vanilla beans'),
(209, 'vanilla extract'),
(210, 'fine sea salt'),
(210, 'heavy whipping cream'),
(210, 'honey'),
(210, 'large egg yolks'),
(210, 'rosemary sprigs'),
(210, 'vanilla extract'),
(210, 'whole milk'),
(211, 'apples'),
(211, 'caramel topping'),
(211, 'heavy cream'),
(211, 'Nestle Carnation Sweetened'),
(211, 'vanilla extract'),
(212, 'cinnamon'),
(212, 'eggnog'),
(212, 'ginger ale'),
(212, 'snickerdoodle'),
(212, 'whipped cream'),
(213, 'Biscoff Creamy Spread'),
(213, 'granulated sugar'),
(213, 'half & half'),
(213, 'heavy cream'),
(213, 'kosher salt'),
(213, 'vanilla extract'),
(214, 'brewed espresso'),
(214, 'espresso powder'),
(214, 'fine sea salt'),
(214, 'heavy cream'),
(214, 'sugar'),
(214, 'vanilla'),
(215, 'heavy cream'),
(215, 'milk'),
(215, 'Nutella'),
(215, 'salt'),
(215, 'sugar'),
(215, 'vanilla extract'),
(216, 'heavy cream'),
(216, 'kahlua'),
(216, 'milk'),
(216, 'sugar'),
(216, 'vanilla extract'),
(217, 'heavy cream'),
(217, 'maple extract'),
(217, 'pumpkin pie spice'),
(217, 'sweetened condensed milk'),
(218, 'cocoa powder'),
(218, 'creme brulee'),
(218, 'dark chocolate'),
(218, 'egg yolks'),
(218, 'ice cream'),
(218, 'jelly'),
(218, 'milk'),
(218, 'sugar'),
(219, 'Cocoa Pebbles Cereal'),
(219, 'shortening'),
(219, 'vanilla ice cream'),
(219, 'white chocolate chips'),
(220, 'brown rice'),
(220, 'garlic'),
(220, 'olive oil'),
(220, 'red bell pepper'),
(220, 'salt'),
(220, 'tumeric'),
(220, 'water'),
(221, 'basmati rice'),
(221, 'butter'),
(221, 'chicken'),
(221, 'coriander'),
(221, 'garlic'),
(221, 'roasted garlic'),
(222, 'chicken broth'),
(222, 'garlic powder'),
(222, 'milk'),
(222, 'salt'),
(222, 'shredded sharp cheddar che'),
(222, 'white rice'),
(222, 'zucchini'),
(223, 'chicken broth'),
(223, 'cream of chicken soup'),
(223, 'grated parmesan cheese'),
(223, 'ground black pepper'),
(223, 'instant white rice'),
(224, 'butter'),
(224, 'chicken stock'),
(224, 'cilantro'),
(224, 'fresh dill'),
(224, 'fresh thyme'),
(224, 'long-grain rice'),
(224, 'salt'),
(225, 'canola oil'),
(225, 'chicken broth'),
(225, 'garlic powder'),
(225, 'long-grain rice'),
(225, 'onion powder'),
(225, 'tomato sauce'),
(225, 'yellow onion'),
(226, 'basmati rice'),
(226, 'clove'),
(226, 'cumin seed'),
(226, 'oil'),
(226, 'salt'),
(226, 'water'),
(227, 'eggs'),
(227, 'frozen peas and carrots'),
(227, 'minced garlic'),
(227, 'onions'),
(227, 'sesame oil'),
(227, 'soy sauce'),
(227, 'white rice'),
(228, 'artichokes'),
(228, 'brown rice'),
(228, 'dried rosemary'),
(228, 'dried thyme'),
(228, 'extra-virgin olive oil'),
(228, 'frozen broad beans'),
(228, 'frozen green beans'),
(228, 'garlic'),
(228, 'ground turmeric'),
(228, 'lemon'),
(228, 'pepper'),
(228, 'red bell pepper'),
(228, 'sweet paprika'),
(228, 'tomatoes'),
(229, 'arborio rice'),
(229, 'butter'),
(229, 'chicken broth'),
(229, 'chopped onion'),
(229, 'grated parmesan cheese'),
(229, 'water'),
(230, 'butter'),
(230, 'cheez whiz'),
(230, 'cream of mushroom soup'),
(230, 'frozen chopped broccoli'),
(230, 'milk'),
(230, 'minute rice'),
(230, 'onions'),
(231, 'allspice'),
(231, 'basmati rice'),
(231, 'butter'),
(231, 'chicken broth'),
(231, 'fine egg noodles'),
(231, 'frozen peas'),
(231, 'onions'),
(231, 'pinenuts'),
(231, 'salt'),
(231, 'water'),
(232, 'basmati rice'),
(232, 'fresh cilantro'),
(232, 'lemon juice'),
(232, 'lime'),
(232, 'oil'),
(232, 'salt'),
(233, 'cashew nuts'),
(233, 'chili powder'),
(233, 'ground turmeric'),
(233, 'mustard seeds'),
(233, 'oil'),
(233, 'okra'),
(233, 'onions'),
(233, 'pepper'),
(233, 'rice'),
(233, 'salt'),
(233, 'tamarind pulp'),
(234, 'chopped cilantro'),
(234, 'chopped onion'),
(234, 'extra-virgin olive oil'),
(234, 'green chile'),
(234, 'long-grain rice'),
(234, 'Old El Paso Enchilada Sauc'),
(234, 'water'),
(235, 'basmati rice'),
(235, 'butter'),
(235, 'cinnamon sticks'),
(235, 'clove'),
(235, 'fresh ginger root'),
(235, 'green peas'),
(235, 'salt'),
(235, 'serrano peppers'),
(235, 'water'),
(235, 'white sugar'),
(236, 'black pepper'),
(236, 'butter'),
(236, 'cremini mushrooms'),
(236, 'dry sherry'),
(236, 'salt'),
(236, 'wild rice'),
(237, 'canola oil'),
(237, 'cooked rice'),
(237, 'eggs'),
(237, 'frozen peas'),
(237, 'green onions'),
(237, 'onions'),
(237, 'salt'),
(237, 'sliced green onions'),
(237, 'soy sauce'),
(237, 'white pepper'),
(238, 'butter'),
(238, 'carrots'),
(238, 'celery'),
(238, 'chicken'),
(238, 'minced garlic'),
(238, 'onions'),
(238, 'orzo pasta'),
(238, 'rice'),
(238, 'water'),
(239, 'butter'),
(239, 'chicken broth'),
(239, 'cilantro'),
(239, 'cumin'),
(239, 'garlic'),
(239, 'lime juice'),
(239, 'olive oil'),
(239, 'onions'),
(239, 'rice'),
(239, 'salt'),
(239, 'tomato paste'),
(240, 'apples'),
(240, 'bread rolls'),
(240, 'chutney'),
(240, 'mature cheddar'),
(240, 'salad leaves'),
(240, 'veggie burgers'),
(241, 'barbecue sauce'),
(241, 'burger buns'),
(241, 'eggs'),
(241, 'freshly ground black peppe'),
(241, 'garlic powder'),
(241, 'garlic salt'),
(241, 'ground beef'),
(241, 'jalapeno chilies'),
(241, 'onion powder'),
(241, 'onions'),
(241, 'panko breadcrumbs'),
(241, 'sea salt'),
(241, 'smoked gouda'),
(241, 'worcestershire sauce'),
(242, 'ground beef'),
(242, 'hamburger buns'),
(242, 'Hellmanns® Real Mayonnaise'),
(242, 'Lipton® Recipe Secrets® On'),
(242, 'plain dry bread crumb'),
(243, 'barbecue sauce'),
(243, 'hamburger patties'),
(243, 'kaiser rolls'),
(243, 'onions'),
(243, 'seasoning'),
(243, 'sharp cheddar cheese'),
(243, 'thick-cut bacon'),
(244, 'burgers'),
(244, 'pico de gallo'),
(244, 'shredded cheddar cheese'),
(244, 'sour cream'),
(244, 'spring mix'),
(244, 'tortillas'),
(245, 'burger buns'),
(245, 'cheddar cheese'),
(245, 'cilantro'),
(245, 'enchilada sauce'),
(245, 'lean ground beef'),
(245, 'lettuce'),
(245, 'salt'),
(245, 'sour cream'),
(246, 'basil pesto sauce'),
(246, 'burger buns'),
(246, 'ground chuck'),
(246, 'mozzarella cheese'),
(246, 'pepper'),
(246, 'plum tomatoes'),
(246, 'salt'),
(247, 'freshly ground black peppe'),
(247, 'ground sirloin'),
(247, 'kosher salt'),
(247, 'mushrooms'),
(247, 'olive oil'),
(247, 'radicchio'),
(247, 'whole wheat hamburger buns'),
(248, 'arugula'),
(248, 'bacon'),
(248, 'burger buns'),
(248, 'cheese'),
(248, 'dill pickles'),
(248, 'ground black pepper'),
(248, 'ground mustard'),
(248, 'kosher salt'),
(248, 'large egg yolks'),
(248, 'mayonnaise'),
(248, 'olive oil'),
(248, 'venison'),
(248, 'worcestershire sauce'),
(249, 'almond flour'),
(249, 'balsamic vinegar'),
(249, 'beef'),
(249, 'brown sugar'),
(249, 'burger buns'),
(249, 'chees fresh mozzarella'),
(249, 'eggs'),
(249, 'fresh basil leaves'),
(249, 'fresh parsley'),
(249, 'ground black pepper'),
(249, 'kosher salt'),
(249, 'minced garlic'),
(249, 'minced onion'),
(249, 'roma tomatoes'),
(249, 'white mushrooms'),
(250, 'burger buns'),
(250, 'ground chuck'),
(250, 'onion soup mix'),
(250, 'tomato sauce'),
(250, 'worcestershire sauce'),
(251, 'burger buns'),
(251, 'coriander'),
(251, 'cracked black pepper'),
(251, 'cumin'),
(251, 'dried basil'),
(251, 'dried mint flakes'),
(251, 'dried oregano'),
(251, 'dried thyme'),
(251, 'feta cheese crumbles'),
(251, 'frozen spinach'),
(251, 'garlic'),
(251, 'ground lamb'),
(251, 'Italian parsley leaves'),
(251, 'kosher salt'),
(251, 'marjoram'),
(251, 'olive oil'),
(251, 'tomatoes'),
(251, 'tzatziki sauce'),
(251, 'yellow onion'),
(252, 'burgers'),
(252, 'Ciabatta rolls'),
(252, 'part-skim mozzarella chees'),
(252, 'sauce'),
(253, 'bread crumbs'),
(253, 'diced onions'),
(253, 'egg whites'),
(253, 'eggs'),
(253, 'garlic powder'),
(253, 'red pepper flakes'),
(253, 'salt'),
(253, 'shredded cheese'),
(253, 'spinach'),
(254, 'chips'),
(254, 'hamburger patties'),
(254, 'onions'),
(254, 'provolone cheese'),
(255, 'american cheese slices'),
(255, 'diced onions'),
(255, 'french dressing'),
(255, 'hamburger patties'),
(255, 'ketchup'),
(255, 'lettuce'),
(255, 'mayonnaise'),
(255, 'minced onion'),
(255, 'paprika'),
(255, 'pepper'),
(255, 'pickle relish'),
(255, 'pickles'),
(255, 'salt'),
(255, 'sesame seeds buns'),
(255, 'sugar'),
(255, 'sweet relish'),
(255, 'tomatoes'),
(255, 'worcestershire sauce'),
(256, 'extra lean ground beef'),
(256, 'ground black pepper'),
(256, 'low-fat milk'),
(256, 'olive oil'),
(256, 'olive oil cooking spray'),
(256, 'reduced fat swiss cheese'),
(256, 'sea salt'),
(256, 'sweet onion'),
(256, 'whole grain bread'),
(256, 'whole wheat hamburger buns'),
(257, 'bacon'),
(257, 'croissants'),
(257, 'eggs'),
(257, 'hamburger patties'),
(257, 'hash brown'),
(257, 'pepper'),
(257, 'salt'),
(257, 'white cheddar cheese'),
(258, 'bread crumbs'),
(258, 'chickpeas'),
(258, 'large eggs'),
(258, 'salt'),
(259, 'burger buns'),
(259, 'dijon mustard'),
(259, 'extra-virgin olive oil'),
(259, 'fresh dill'),
(259, 'fresh rosemary'),
(259, 'fresh thyme'),
(259, 'freshly ground pepper'),
(259, 'kosher salt'),
(259, 'minced garlic'),
(259, 'mixed greens'),
(259, 'portabello mushroom'),
(259, 'red wine vinegar'),
(259, 'tomatoes'),
(259, 'water'),
(260, 'avocado'),
(260, 'bread crumbs'),
(260, 'eggs'),
(260, 'frying oil'),
(260, 'salt'),
(260, 'vegetable oil'),
(261, 'confectioners sugar'),
(261, 'eggs'),
(261, 'milk'),
(261, 'OREO® Cookies'),
(261, 'pancake mix'),
(261, 'vegetable oil'),
(262, 'flour'),
(262, 'milk'),
(262, 'oil'),
(262, 'onions'),
(262, 'salt'),
(263, 'active dry yeast'),
(263, 'all-purpose flour'),
(263, 'frying oil'),
(263, 'large eggs'),
(263, 'salt'),
(263, 'sugar'),
(263, 'vegetable oil'),
(263, 'warm water'),
(263, 'water'),
(264, 'basmati rice'),
(264, 'caster sugar'),
(264, 'crème fraîche'),
(264, 'dijon mustard'),
(264, 'fresh parsley'),
(264, 'lemon'),
(264, 'olive oil'),
(264, 'pork loin'),
(264, 'purple onion'),
(264, 'red wine vinegar'),
(265, 'boneless sirloin'),
(265, 'ramen soup mix'),
(265, 'stir fry sauce'),
(265, 'stir fry vegetable blend'),
(265, 'vegetable oil'),
(265, 'water'),
(266, 'cheese ravioli'),
(266, 'eggs'),
(266, 'feta cheese'),
(266, 'italian seasoning'),
(266, 'oil'),
(266, 'panko breadcrumbs'),
(266, 'ragu'),
(267, 'garlic powder'),
(267, 'italian seasoning'),
(267, 'olive oil'),
(267, 'paprika'),
(267, 'pepper'),
(267, 'potatoes'),
(267, 'salt'),
(268, 'bread'),
(268, 'eggs'),
(268, 'Mezzetta Garlic'),
(268, 'olive oil'),
(269, 'bacon'),
(269, 'cooked rice'),
(269, 'large eggs'),
(269, 'onions'),
(269, 'pepper'),
(269, 'salt'),
(269, 'scallions'),
(269, 'soy sauce'),
(269, 'sugar'),
(269, 'vegetable oil'),
(270, 'black pepper'),
(270, 'eggs'),
(270, 'flour'),
(270, 'garlic powder'),
(270, 'large shrimp'),
(270, 'Louisiana Hot Sauce'),
(270, 'milk'),
(270, 'oil'),
(270, 'paprika'),
(270, 'unsalted butter'),
(271, 'eggs'),
(271, 'frozen peas and carrots'),
(271, 'minced garlic'),
(271, 'onions'),
(271, 'sesame oil'),
(271, 'soy sauce'),
(271, 'white rice'),
(272, 'bacon'),
(272, 'cubed potatoes'),
(272, 'onions'),
(272, 'pepper'),
(273, 'bacon'),
(273, 'egg yolks'),
(273, 'parmesan cheese'),
(273, 'parsley leaves'),
(273, 'Philadelphia Light Cream C'),
(273, 'spaghetti'),
(273, 'vegetable stock'),
(274, 'butter'),
(274, 'full fat coconut milk'),
(274, 'mustard seeds'),
(274, 'whitefish'),
(274, 'yellow curry paste'),
(275, 'bone-in pork chops'),
(275, 'butter'),
(275, 'flour'),
(275, 'milk'),
(275, 'onions'),
(275, 'pepper'),
(275, 'salt'),
(275, 'water'),
(276, 'garlic powder'),
(276, 'oil'),
(276, 'olives'),
(276, 'parmesan cheese'),
(276, 'pepper'),
(276, 'potatoes'),
(276, 'salt'),
(277, 'baking powder'),
(277, 'eggs'),
(277, 'grated parmesan cheese'),
(277, 'oil'),
(277, 'shredded cheddar cheese'),
(277, 'spices'),
(277, 'sunflower oil'),
(277, 'water'),
(277, 'white flour'),
(278, 'garlic'),
(278, 'large potatoes'),
(278, 'onions'),
(278, 'peanut oil'),
(278, 'pepper'),
(278, 'salt'),
(278, 'unsalted butter'),
(279, 'cinnamon'),
(279, 'corn starch'),
(279, 'granny smith apples'),
(279, 'light whipped cream'),
(279, 'sugar'),
(280, 'apples'),
(280, 'apricot preserves'),
(280, 'cinnamon'),
(280, 'flour'),
(280, 'lemon juice'),
(280, 'puff pastry'),
(281, 'all-purpose flour'),
(281, 'brown sugar'),
(281, 'Honeycrisp apples'),
(281, 'softened butter'),
(281, 'water'),
(281, 'white sugar'),
(282, 'apricot preserves'),
(282, 'cinnamon'),
(282, 'croissants'),
(282, 'Honeycrisp apples'),
(282, 'lemon'),
(282, 'powdered sugar'),
(283, 'apple cider'),
(283, 'fresh cranberries'),
(283, 'granny smith apples'),
(283, 'Honeycrisp apples'),
(283, 'pears'),
(283, 'rosemary'),
(283, 'white wine'),
(284, 'apples'),
(284, 'brown sugar'),
(284, 'cinnamon'),
(284, 'cooking spray'),
(284, 'flour'),
(284, 'ice cream'),
(284, 'rolled oats'),
(284, 'salt'),
(284, 'unsalted butter'),
(285, 'apples'),
(285, 'brown sugar'),
(285, 'butter'),
(285, 'cinnamon'),
(285, 'flour'),
(285, 'pie crust'),
(285, 'salt'),
(285, 'sugar'),
(286, 'apple juice'),
(286, 'carbonated water'),
(286, 'honey'),
(286, 'pomegranate juice'),
(286, 'water'),
(287, 'apple juice'),
(287, 'cane vinegar'),
(287, 'honey'),
(287, 'olive oil'),
(287, 'pepper'),
(287, 'salt'),
(288, 'apples'),
(288, 'baking powder'),
(288, 'baking soda'),
(288, 'butter'),
(288, 'cinnamon'),
(288, 'flour'),
(288, 'milk'),
(288, 'sugar'),
(289, 'apples'),
(289, 'brown sugar'),
(289, 'cinnamon'),
(289, 'corn starch'),
(289, 'granola'),
(289, 'ice cream'),
(289, 'vanilla'),
(290, 'all-purpose flour'),
(290, 'baking powder'),
(290, 'calvados'),
(290, 'egg yolks'),
(290, 'eggs'),
(290, 'granny smith apples'),
(290, 'granulated sugar'),
(290, 'lemon juice'),
(290, 'powdered sugar'),
(290, 'salt'),
(290, 'vanilla extract'),
(290, 'vegetable oil'),
(290, 'whole milk'),
(291, 'butter'),
(291, 'cinnamon'),
(291, 'cooking apples'),
(291, 'grated nutmeg'),
(291, 'lemon'),
(291, 'light brown sugar'),
(291, 'salt'),
(292, 'apples'),
(292, 'brown sugar'),
(292, 'cinnamon'),
(292, 'cooking oil'),
(292, 'rice paper'),
(293, 'apple cider'),
(293, 'cinnamon sticks'),
(293, 'elderflower liqueur'),
(293, 'ground cinnamon'),
(293, 'ice'),
(293, 'lemon'),
(293, 'silver tequila'),
(293, 'simple syrup'),
(294, 'all-purpose flour'),
(294, 'butter'),
(294, 'ground cinnamon'),
(294, 'large eggs'),
(294, 'pie shell'),
(294, 'red delicious apples'),
(294, 'salt'),
(294, 'sugar'),
(294, 'vanilla'),
(295, 'apples'),
(295, 'cereal'),
(295, 'Skippy Creamy Peanut Butte'),
(296, 'apple pie filling'),
(296, 'coarse sugar'),
(296, 'eggs'),
(296, 'pie crust'),
(297, 'apples'),
(297, 'applesauce'),
(297, 'cinnamon'),
(297, 'rolled oats'),
(297, 'sea salt'),
(297, 'unsweetened almond milk'),
(298, 'all-purpose flour'),
(298, 'cold water'),
(298, 'granny smith apples'),
(298, 'salt'),
(298, 'sugar'),
(298, 'unsalted butter'),
(299, 'all purpose unbleached flo'),
(299, 'butter'),
(299, 'ground cinnamon'),
(299, 'old-fashioned oats'),
(299, 'tart apples'),
(299, 'white sugar'),
(300, 'carrots'),
(300, 'cracked black pepper'),
(300, 'garlic'),
(300, 'honey'),
(300, 'melted butter'),
(300, 'parsley leaves'),
(300, 'salt'),
(301, 'honey'),
(301, 'salt'),
(301, 'unbleached flour'),
(301, 'water'),
(301, 'yeast'),
(302, 'bananas'),
(302, 'ground cinnamon'),
(302, 'honey'),
(302, 'sunflower seed butter'),
(303, 'cinnamon'),
(303, 'eggs'),
(303, 'ground hazelnuts'),
(303, 'hazelnuts'),
(303, 'honey'),
(303, 'salt'),
(303, 'unsweetened cocoa powder'),
(303, 'vanilla extract'),
(304, 'culinary lavender'),
(304, 'gold leaf'),
(304, 'honey'),
(304, 'lollipop'),
(304, 'sugar'),
(305, 'clear honey'),
(305, 'dry white wine'),
(305, 'green onions'),
(305, 'low sodium soy sauce'),
(305, 'skinless chicken breasts'),
(305, 'water'),
(306, 'fresh mint'),
(306, 'honey'),
(306, 'jack daniels'),
(306, 'lemon'),
(306, 'lemonade'),
(307, 'boiling water'),
(307, 'ginger'),
(307, 'honey'),
(307, 'lemon'),
(308, 'chili powder'),
(308, 'corn husks'),
(308, 'honey'),
(308, 'lime'),
(308, 'sea salt'),
(308, 'unsalted butter'),
(309, 'apple cider vinegar'),
(309, 'carrots'),
(309, 'fresh parsley'),
(309, 'fresh thyme leaves'),
(309, 'freshly ground black peppe'),
(309, 'honey'),
(309, 'olive oil'),
(309, 'salt'),
(310, 'fresh ginger root'),
(310, 'fresh lime juice'),
(310, 'raw honey'),
(310, 'unfiltered apple cider vin'),
(310, 'water'),
(311, 'almonds'),
(311, 'black pepper'),
(311, 'cinnamon'),
(311, 'dried mint flakes'),
(311, 'honey'),
(311, 'milk'),
(311, 'polenta'),
(311, 'salt'),
(311, 'white cheese'),
(312, 'cinnamon'),
(312, 'honey'),
(312, 'salted butter'),
(312, 'vanilla'),
(313, 'baking soda'),
(313, 'fine sea salt'),
(313, 'granulated sugar'),
(313, 'honey'),
(313, 'pure vanilla extract'),
(314, 'cashew nuts'),
(314, 'cocoa powder'),
(314, 'ground cinnamon'),
(314, 'honey'),
(314, 'peanut butter'),
(314, 'tahini'),
(314, 'truffles'),
(315, 'honey'),
(315, 'tapioca flour'),
(316, 'fresh lemon juice'),
(316, 'honey'),
(316, 'ice cubes'),
(316, 'peeled fresh ginger'),
(316, 'sugar'),
(316, 'water'),
(317, 'all-purpose flour'),
(317, 'baking powder'),
(317, 'granulated sugar'),
(317, 'ground cinnamon'),
(317, 'ground nutmeg'),
(317, 'honey'),
(317, 'medium eggs'),
(317, 'powdered sugar'),
(317, 'salt'),
(317, 'unsalted butter'),
(317, 'vanilla extract'),
(317, 'whole milk'),
(318, 'butter'),
(318, 'honey'),
(318, 'vanilla'),
(319, 'active dry yeast'),
(319, 'all-purpose flour'),
(319, 'butter'),
(319, 'honey'),
(319, 'milk'),
(319, 'salt'),
(320, 'fruit'),
(320, 'waffle cones'),
(321, 'cheese'),
(321, 'cocktail cherries'),
(321, 'fruit cocktail'),
(321, 'juice'),
(321, 'mini marshmallows'),
(321, 'pineapple chunks'),
(321, 'powdered sugar'),
(321, 'red food coloring'),
(321, 'walnuts'),
(321, 'whipped topping'),
(322, 'custard powder'),
(322, 'fruit'),
(322, 'granulated white sugar'),
(322, 'milk'),
(323, 'butter'),
(323, 'corn starch'),
(323, 'eggs'),
(323, 'flour'),
(323, 'fruit'),
(323, 'large egg yolks'),
(323, 'milk'),
(323, 'salt'),
(323, 'sugar'),
(323, 'vanilla'),
(323, 'whole milk'),
(324, 'butter'),
(324, 'caster sugar'),
(324, 'dark chocolate'),
(324, 'heavy cream'),
(324, 'muscovado sugar'),
(324, 'pistachio nuts'),
(324, 'raisins'),
(324, 'sea salt'),
(324, 'vanilla extract'),
(325, 'butter'),
(325, 'fruit loops'),
(325, 'marshmallows'),
(326, 'corn starch'),
(326, 'crust'),
(326, 'fruit'),
(326, 'large eggs'),
(326, 'refrigerated piecrusts'),
(326, 'sugar'),
(327, 'frozen fruit'),
(327, 'limeade'),
(327, 'popsicle'),
(328, 'brown sugar'),
(328, 'butter'),
(328, 'fruit'),
(328, 'rolled oats'),
(329, 'fresh lemon juice'),
(329, 'Heinz Chili Sauce'),
(329, 'Heinz Ketchup');
INSERT INTO `ingredients` (`Recipe_id`, `Ingredient_name`) VALUES
(329, 'prepared horseradish'),
(329, 'Tabasco Pepper Sauce'),
(329, 'worcestershire sauce'),
(330, 'fruit juice'),
(330, 'powdered gelatin'),
(330, 'preserves'),
(330, 'sugar'),
(331, 'chopped walnuts'),
(331, 'fruit'),
(331, 'heavy whipping cream'),
(331, 'sour cream'),
(331, 'sugar'),
(332, 'basil'),
(332, 'coconut milk'),
(332, 'frozen fruit'),
(332, 'herbs'),
(332, 'raw cane sugar'),
(332, 'rosemary'),
(332, 'thyme'),
(333, 'berries'),
(333, 'fruit'),
(333, 'ice'),
(333, 'mint'),
(333, 'water'),
(334, 'baking powder'),
(334, 'cream cheese'),
(334, 'flour'),
(334, 'fruit'),
(334, 'large eggs'),
(334, 'powdered sugar'),
(334, 'salt'),
(334, 'sugar'),
(334, 'unsalted butter'),
(334, 'vanilla'),
(334, 'vanilla extract'),
(335, 'bananas'),
(335, 'green grape'),
(335, 'lollipop'),
(335, 'mini marshmallows'),
(335, 'strawberries'),
(336, 'active dry yeast'),
(336, 'all-purpose flour'),
(336, 'butter'),
(336, 'candied fruit'),
(336, 'eggs'),
(336, 'fat free milk'),
(336, 'granulated sugar'),
(336, 'powdered sugar'),
(336, 'raisins'),
(336, 'salt'),
(336, 'warm water'),
(337, 'bananas'),
(337, 'blueberries'),
(337, 'mandarin oranges'),
(337, 'pineapple'),
(337, 'strawberries'),
(337, 'vanilla instant pudding'),
(338, 'baby carrots'),
(338, 'bananas'),
(338, 'cantaloupe'),
(338, 'chocolate chips'),
(338, 'coconut oil'),
(338, 'fruit'),
(338, 'kiwi'),
(338, 'pears'),
(338, 'pineapple'),
(339, 'butter'),
(339, 'flavoring'),
(339, 'honey'),
(339, 'large marshmallows'),
(339, 'miniature semisweet chocol'),
(339, 'oats'),
(339, 'sweetened coconut flakes');

-- --------------------------------------------------------

--
-- Table structure for table `recipe`
--

CREATE TABLE `recipe` (
  `Recipe_id` int(11) NOT NULL,
  `Recipe_name` varchar(45) NOT NULL,
  `Instructions` varchar(500) NOT NULL,
  `Total_time` int(11) DEFAULT NULL
) ENGINE=InnoDB DEFAULT CHARSET=utf8;

--
-- Dumping data for table `recipe`
--

INSERT INTO `recipe` (`Recipe_id`, `Recipe_name`, `Instructions`, `Total_time`) VALUES
(0, 'Leftover Turkey Soup', 'http://www.mydailymoment.com/recipes/leftover_turkey_soup.php', 90),
(1, 'Turkey Soup', 'http://www.officiallyglutenfree.com/2015/11/turkey-soup/', 70),
(2, 'Leftover Turkey Soup', 'http://www.iheartnaptime.net/leftover-turkey-soup/', 47),
(3, 'Low-Carb Turkey Soup with Zucchini Noodles', 'http://www.kalynskitchen.com/2015/11/low-carb-turkey-soup-with-zucchini-noodles.html', 75),
(4, 'Leftover Turkey & Wild Rice Soup', 'http://www.mountainmamacooks.com/2013/11/leftover-turkey-wild-rice-soup/', 80),
(5, 'Cream of Turkey Soup', 'http://www.afamilyfeast.com/cream-of-turkey-soup/', 45),
(6, 'Turkey Dumpling Soup', 'http://www.wineandglue.com/2015/11/turkey-dumpling-soup.html', 45),
(7, 'Turkey Avgolemono Soup', 'http://www.runningtothekitchen.com/turkey-avgolemono-soup/', 40),
(8, 'Homemade Turkey Soup', 'http://www.bettycrocker.com/recipes/homemade-turkey-soup/4fdb9be4-b375-4d3e-960a-f83c46a160ce', 175),
(9, 'Easy Turkey Tortilla Soup', 'http://thesuburbansoapbox.com/2015/11/26/easy-turkey-tortilla-soup/', 30),
(10, 'Turkey Gnocchi Soup', 'http://backtoherroots.com/2015/11/23/creamy-turkey-gnocchi-soup/', 40),
(11, 'Hearty Turkey Minestrone Soup', 'http://honestcooking.com/hearty-turkey-minestrone-soup/', 70),
(12, 'Dads Turkey Soup', 'http://www.crutchfieldsgoexplore.com/dads-turkey-soup/', 180),
(13, 'Creamy Turkey and Rice Soup', 'http://thechicsite.com/2015/11/23/creamy-turkey-and-rice-soup/', 250),
(14, 'Quick Turkey Soup', 'http://www.tumbleweedcontessa.com/blog/recipe/quick-turkey-soup/', 55),
(15, 'Turkey Soup', 'http://www.saveur.com/article/Recipes/Turkey-Soup', 70),
(16, 'Southwestern Turkey Soup', 'http://www.culinaryconcerto.com/southwestern-turkey-soup/', 30),
(17, 'Turkey Soup With Lime and Chile', 'http://cooking.nytimes.com/recipes/1013936-turkey-soup-with-lime-and-chile?em_pos=medium&emc=edit_ck_20151127&nl=cooking&nlid=50812800', 55),
(18, 'Gobble-Good Roasted Turkey & Rice Soup', 'http://www.homeandplate.com/blog/2015/gobble-good-roasted-turkey-rice-soup', 30),
(19, 'Turkey Tarragon Soup', 'http://www.carriesexperimentalkitchen.com/turkey-tarragon-soup/', 90),
(20, 'Beef', 'http://cookmealss.com/multi-cooker-recipes-beef/', 50),
(21, 'Broccoli Beef', 'http://www.thecookingaddiction.com/search?updated-max=2015-08-13T01:39:00-07:00&max-results=1&start=8&by-date=false', 30),
(22, 'Jerked Beef', 'http://www.plattertalk.com/jerked-beef/', 40),
(23, 'Sesame Beef', 'http://rasamalaysia.com/sesame-beef/', 20),
(24, 'Roast Beef', 'http://www.foodfromportugal.com/recipe/roast-beef/', 35),
(25, 'Roast Beef', 'http://12tomatoes.com/holiday-meat-recipe-roast-beef-dinner/', 80),
(26, 'Wicked Beef', 'http://www.recipechatter.com/fresh-from-test-kitchen-wicked-beef/', 55),
(27, 'Szechuan Beef', 'http://rasamalaysia.com/szechuan-beef-recipe/', 25),
(28, 'Beef with Peppers', 'http://thepioneerwoman.com/cooking/beef-with-peppers/', 45),
(29, 'Garlic Roast Beef', 'http://ourlifetastesgood.blogspot.com/2015/11/garlic-roast-beef.html', 75),
(30, 'Korean Barbecue Beef', 'http://what2make.net/2015/11/09/korean-barbecue-beef/', 45),
(31, 'Butter Beef', 'http://allrecipes.com/Recipe/butter-beef/detail.aspx', 305),
(32, 'Beef With Broccoli', 'http://www.muscleandfitness.com/nutrition/healthy-recipes/beefed-veggies-beef-broccoli', 35),
(33, 'SOS Creamed Beef', 'http://www.nutmegnanny.com/2010/09/21/sos-creamed-beef-recipe/', 30),
(34, 'Beijing Beef', 'http://lecremedelacrumb.com/2014/03/beijing-beef.html', 60),
(35, 'Korean Ground Beef', 'http://www.onegoodthingbyjillee.com/2014/02/korean-ground-beef-a-fabulously-frugal-recipe.html', 35),
(36, 'Pepperoncini Beef', 'http://alloverunique.com/recipe/pepperoncini-beef/', 35),
(37, 'Braised Beef', 'http://panlasangpinoy.com/2010/09/28/braised-beef-recipe/', 80),
(38, 'Fajitas - Chicken or Beef', 'http://lowcarbdiets.about.com/od/maindishes/r/beeffajitas.htm', 50),
(39, 'Sinfully Delicious Beef', 'http://lorrainesresources.blogspot.com/2015/10/sinfully-delicious-beef.html', 40),
(40, 'Best Ever Pork Chops', 'http://mywindowsill.com/best-ever-pork-chops/', 55),
(41, 'Pork Chops Florentine', 'http://www.77wwrecipes.com/pork-chops-florentine/', 30),
(42, 'Pork And Peanut Dip', 'http://www.goodfood.com.au/good-food/cook/recipe/pork-and-peanut-dip-20130807-2rf42.html', 20),
(43, 'Pork Loin With Pickled Red Onion', 'http://www.deliciousmagazine.co.uk/recipes/pork-loin-with-pickled-red-onion/', 40),
(44, 'Lime & Cumin Pork Tenderloin', 'http://eatsimplefood.com/lime-cumin-pork-tenderloin/', 50),
(45, 'Pork in Queso Flameado Sauce', 'https://buttoni.wordpress.com/2014/05/15/pork-in-queso-flameado-sauce/', 45),
(46, 'Bacon Maple Pork Tenderloin', 'http://paleoleap.com/bacon-maple-pork-tenderloin/', 50),
(47, 'Pork Carnitas', 'http://eatsimplefood.com/pork-carnitas/', 55),
(48, 'Bulgogi Pork', 'http://www.oinkcooking.com/bulgogi-pork/', 45),
(49, 'Pork Stuffing', 'http://www.kleinworthco.com/2015/11/pork-stuffing.html', 20),
(50, 'Sweet Teriyaki Pulled Pork (Paleo)', 'http://kitchenvixxen.com/sweet-teriyaki-pulled-pork-paleo/', 70),
(51, 'Slow Cooked Puerto Rican Pork (Pernil)', 'http://thenoshery.com/slow-cooked-puerto-rican-pork-pernil/', 35),
(52, 'Pork Chops', 'http://www.soulkitchenrecipes.com/main-dishes/juicy-flavorful-pork-chops/', 45),
(53, 'Chinese Roast Pork', 'http://rasamalaysia.com/chinese-roast-pork/', 115),
(54, 'Slow Cooked Asian Pork', 'http://eatsimplefood.com/slow-cooked-asian-pork/', 30),
(55, 'Pork Vindaloo', 'http://www.thebittenword.com/thebittenword/2013/03/pork-vindaloo.html', 90),
(56, 'Apple Maple Pork Loin', 'http://www.iamthatlady.com/apple-cinnamon-crockpot-pork-loin/?fb_ref=1e23434e772243f387b7d189b8a5cca0-Yummly', 380),
(57, 'Barbecue Pork Skillet', 'http://www.porkbeinspired.com/recipes/barbecue-pork-skillet/', 25),
(58, 'Cheesy Slow Cooker Bacon Ranch Potatoes', 'http://www.closetcooking.com/2015/11/cheesy-slow-cooker-bacon-ranch-potatoes.html?utm_source=newsletter&utm_medium=email&utm_campaign=20151119&m=1', 490),
(59, 'Pork Chops with Portobellos', 'http://eatsimplefood.com/pork-chops-with-portobellos/', 35),
(60, 'Hearty Beef Stew', 'http://www.cento.com/recipes/soups/beefstew.html', 90),
(61, 'Hearty Beef Soup', 'http://www.theslowroasteditalian.com/2014/09/hearty-beef-soup-recipe.html?m=1', 25),
(62, 'Grilled Cheese with Mushrooms', 'http://cento.com/recipes/sandwiches/grilledcheesewithmushrooms.html', 20),
(63, 'Hearty Italian Soup', 'http://www.simply-gourmet.com/2011/09/72-hearty-italian-soup.html', 40),
(64, 'Hearty Low Calorie Sausage and potatoes', 'http://www.unicornsinthekitchen.com/healthy/hearty-low-calorie-sausage-potatoes/', 45),
(65, 'Hearty Pasta Fagioli Soup', 'http://www.bitememore.com/feedme/360/hearty-pasta-fagioli-soup', 65),
(66, 'Hearty Mushroom-Beef-Barley Soup', 'http://www.kraftrecipes.com/recipes/hearty-mushroom-beef-barley-soup-185136.aspx', 145),
(67, 'Eggs Italiano | A Delicious and Hearty Breakf', 'http://momsneedtoknow.com/eggs-italiano-a-delicious-and-hearty-breakfast/', 25),
(68, 'Grilled PB&J', 'http://www.cookingclassy.com/2015/11/grilled-pbj/?utm_source=feedburner&utm_medium=email&utm_campaign=Feed%3A+CookingClassy+%28Cooking+Classy%29', 20),
(69, 'Hearty Turkey Minestrone Soup', 'http://honestcooking.com/hearty-turkey-minestrone-soup/', 70),
(70, 'Hearty Beef Stew', 'http://www.williams-sonoma.com/recipe/hearty-beef-stew-cf.html', 170),
(71, 'Easy & Hearty Beef Stew', 'http://slowcookd.com/recipe/easy-hearty-beef-stew/', 375),
(72, 'Hearty Lasagna', 'http://allrecipes.com/Recipe/hearty-lasagna/detail.aspx', 70),
(73, 'Hearty Chickpea Soup', 'http://www.foodhuntersguide.com/2015/10/hearty-chickpea-soup-sundaysupper.html', 50),
(74, 'Hearty Beef Stew', 'http://www.marthastewart.com/952341/hearty-beef-stew', 130),
(75, 'Hearty Minestrone', 'http://www.garlicandzest.com/hearty-minestrone#comment-7388', 50),
(76, 'Hearty Beef Soup', 'http://www.theslowroasteditalian.com/2014/09/hearty-beef-soup-recipe.html#more', 25),
(77, 'Hearty Turkey Stew', 'http://www.berkeleywellness.com/healthy-eating/recipes/article/hearty-turkey-stew', 50),
(78, 'Hearty Lentil and Quinoa Stew', 'http://herbalacademyofne.com/2014/01/hearty-lentil-and-quinoa-stew/', 70),
(79, 'Hearty Breakfast Quesadillas', 'http://food52.com/recipes/15075-hearty-breakfast-quesadillas', 35),
(80, 'Lemon Brownies', 'http://mississippisupper.blogspot.com/2015/05/lemon-brownies.html?m=1', 45),
(81, 'Lemon Bars', 'http://thepioneerwoman.com/cooking/lemon-bars/', 55),
(82, 'Lemon Gelato', 'http://www.williams-sonoma.com/recipe/lemon-gelato.html', 25),
(83, 'Lemon Meltaways', 'http://www.savingdessert.com/2015/02/lemon-meltaways/', 33),
(84, 'Lemon Cheesecake', 'http://www.kraftrecipes.com/recipes/lemon-cheesecake-109725.aspx?cm_mmc=eml-_trgjfy-_-20151112-_-1031&cm_lm=5B9C37521CB576D9A84949614A4ABB47&bt_he=', 380),
(85, 'DIY Raw Bar with Homemade Cocktail Sauce', 'http://www.whattheforkfoodblog.com/2015/11/25/diy-raw-bar-homemade-cocktail-sauce/', 5),
(86, 'Golden Lemon Truffles', 'http://blog.candiquik.com/golden-lemon-truffles/', 60),
(87, 'Lemon Bars', 'http://barefootcontessa.com/recipes.aspx?RecipeID=641&S=0', 70),
(88, 'Lemon Dill Salmon', 'http://eatsimplefood.com/lemon-dill-salmon/', 25),
(89, 'Homemade Black Lemonade', 'http://www.freerestaurantrecipes.com/1192/homemade-black-lemonade-recipe/', 15),
(90, 'Lemon Pull Apart Rolls', 'http://www.yourhomebasedmom.com/lemon-pull-apart-rolls/?utm_source=princesspinkygirl.com&utm_medium=referral&utm_campaign=pubexchange_module', 30),
(91, 'Lemon Souffles', 'http://www.marthastewart.com/335397/lemon-souffles', 55),
(92, 'Lemon Brownies', 'http://77wwrecipes.blogspot.com/2015/11/skinny-lemon-brownies.html', 55),
(93, 'Lemon Tartlets', 'http://www.aboutamom.com/lemon-tartlets-recipe/', 45),
(94, 'Lemon Meltaways', 'http://www.beginwithinnutrition.com/2013/05/13/moms-day-and-lemon-meltaways/', 20),
(95, 'Lemon Meringue Pie', 'http://what2make.net/2014/05/11/lemon-meringue-pie/', 60),
(96, 'Lemon Sherbet', 'http://www.theharvestkitchen.com/lemon-sherbet/', 35),
(97, 'Lemon Brownies', 'http://www.thetaylor-house.com/lemon-brownies/2/', 65),
(98, 'Lemon Brownies', 'http://mississippisupper.blogspot.co.uk/2015/05/lemon-brownies.html', 45),
(99, 'Lemon-chocolate Cookie', 'http://www.chatelaine.com/recipe/make-ahead-cooking-method/lemon-chocolate-cookie/', 25),
(100, 'Delicious Taco Casserole', 'http://www.alotofrecipes.com/delicious-taco-casserole/2/', 40),
(101, 'Baked Tacos', 'http://www.onegoodthingbyjillee.com/2015/11/how-to-make-hard-taco-shells-in-your-ovenplus-a-recipe-for-baked-tacos.html', 35),
(102, 'Baked Tacos', 'http://flavorite.net/2015/05/04/baked-tacos/', 35),
(103, 'Steak Tacos', 'http://eatsimplefood.com/steak-tacos/', 60),
(104, 'Taco Braid', 'http://www.365daysofbakingandmore.com/taco-braid/?mbid=nl_fig_11172015_Daily&CNDID=21145903', 65),
(105, 'Lunch Time Tacos II', 'http://thebachelorscookhouse.blogspot.ca/2015/11/lunch-time-tacos-ii.html', 30),
(106, 'Skillet Tacos', 'http://realmomkitchen.com/2115/skillet-tacos/', 35),
(107, 'Baked Tacos', 'http://www.onegoodthingbyjillee.com/2015/07/how-to-make-oven-baked-tacos.html', 30),
(108, 'Rockin Tacos', 'http://www.readyseteat.com/recipes-Rockin-Tacos-2728.html?utm_source=facebook&utm_medium=facebook&utm_content=recipe&utm_campaign=facebook_status', 25),
(109, 'Egg Tacos', 'http://www.egglandsbest.com/recipe/egg-tacos/', 15),
(110, 'Taco Crescents', 'http://www.plainchicken.com/2013/08/taco-crescents.html', 35),
(111, 'Chicken Tacos', 'http://www.realsimple.com/food-recipes/browse-all-recipes/chicken-tacos', 20),
(112, 'Crockpot Chicken Ranch Tacos', 'http://myfindsonline.com/4-ingredient-crockpot-chicken-ranch-taco-recipe/', 35),
(113, 'Chickpea Tacos', 'http://www.instructables.com/id/chickpea-tacos/', 25),
(114, 'Taco Calzones', 'http://diaryofarecipecollector.com/taco-calzones.html', 35),
(115, 'Fiesta Tacos', 'http://www.mccormick.com/recipes/main-dishes/fiesta-tacos', 20),
(116, 'Mini Tacos', 'http://allrecipes.com/Recipe/mini-tacos/detail.aspx', 25),
(117, 'Vegan Tacos', 'http://www.freshoffthegrid.com/camping-recipe-vegan-tacos/', 35),
(118, 'Taco Braid', 'http://www.365daysofbakingandmore.com/taco-braid/?mbid=nl_fig_11172015_Daily&CNDID=33563557', 65),
(119, 'Doritos Taco Salad', 'http://77wwrecipes.blogspot.com/2015/08/doritos-taco-salad.html', 20),
(120, 'Baked Turkey & Cranberry Sliders', 'http://www.thebrewerandthebaker.com/archives/17336', 40),
(121, 'Turkey Tetrazzini', 'http://shewearsmanyhats.com/turkey-tetrazzini-recipe/', 65),
(122, 'Turkey Leftovers', 'http://taliabunting.com/turkey-leftovers/', 10),
(123, '30 Minute Lighter Stovetop Turkey Tetrazzini', 'http://www.savorynothings.com/30-minute-lighter-stovetop-turkey-tetrazzini/', 30),
(124, 'Turkey Croissant Panini', 'http://stripedspatula.com/2015/11/27/turkey-croissant-panini/', 20),
(125, 'Clean Eating Thanksgiving Turkey', 'http://www.thegraciouspantry.com/clean-eating-traditional-leftover-turkey-sandwich/', 10),
(126, 'Turkey Cranberry Grilled Cheese', 'http://damndelicious.net/2015/11/26/turkey-cranberry-grilled-cheese/', 20),
(127, 'Turkey Bacon Crescents', 'http://www.plainchicken.com/2012/08/turkey-bacon-crescents.html', 35),
(128, 'Roast Turkey', 'http://eatsimplefood.com/roast-turkey/', 80),
(129, 'Smoked Turkey Corn Quesadilla Slider', 'http://www.yummly.com/recipe/Smoked-Turkey-Corn-Quesadilla-Slider-1294692', 20),
(130, 'Turkey Pot Pie', 'http://www.artfrommytable.com/turkey-pot-pie/', 60),
(131, 'Turkey Bolognese', 'http://www.chewoutloud.com/2015/11/25/turkey-bolognese/', 50),
(132, 'Turkey Tetrazzini', 'http://www.afamilyfeast.com/turkey-tetrazzini/', 75),
(133, 'Perfect Turkey', 'http://www.holidayspage.net/perfect-turkey/', 270),
(134, 'Roast Turkey', 'http://www.bettycrocker.com/recipes/roast-turkey/925f9e20-4e5d-4b16-a00a-b1b7373ff92a', 330),
(135, 'Turkey Turnover', 'http://www.annsentitledlife.com/recipes/turkey-turnovers/', 40),
(136, 'Turkey Casserole', 'http://www.hellmanns.com/recipes/detail/42383/1/turkey-casserole', 55),
(137, 'Moms Turkey & Dressing', 'http://www.plainchicken.com/2011/11/moms-turkey-dressing.html', 70),
(138, 'How to Cook a Turkey Overnight', 'http://www.cinfullysimple.com/how-to-cook-a-turkey-overnight-video-gravy-bonus/', 615),
(139, 'Leftover Turkey Soup', 'http://www.mydailymoment.com/recipes/leftover_turkey_soup.php', 90),
(140, 'Schwarz Lime Pie', 'http://ericasrecipes.com/2013/04/schwarz-lime-pie/', 25),
(141, 'Oatmeal Pie', 'http://www.plainchicken.com/2015/11/oatmeal-pie.html', 60),
(142, 'Traditional Pecan Pie', 'http://www.notquitesusie.com/2015/11/traditional-pecan-pie-recipe.html', 35),
(143, 'Classic Pecan Pie', 'http://www.gonnawantseconds.com/2015/11/classic-pecan-pie/', 55),
(144, 'Classic Chocolate Pie', 'http://mymothersdaughter.net/classic-chocolate-pie/', 35),
(145, 'Shredded Apple Pie', 'http://life-in-the-lofthouse.com/shredded-apple-pie/', 80),
(146, 'Grandmothers Buttermilk Pie', 'http://www.mizhelenscountrycottage.com/2011/11/grandmothers-buttermilk-pie.html', 50),
(147, 'Personal Pumpkin Pie!', 'http://arv.macaronikid.com/article/1106022/macaroni-menus-personal-pumpkin-pie', 50),
(148, 'Southern Pecan Pie', 'http://olives-n-okra.com/southern-pecan-pie/', 60),
(149, 'Perfect Apple Pie', 'http://www.broughttoyoubymom.com/perfect-apple-pie-recipe/', 80),
(150, 'Chocolate Satin Pie', 'http://www.yummly.com/recipe/Chocolate-Satin-Pie-1389901', 15),
(151, 'Pumpkin Cheesecake Pie', 'http://challengedairy.com/recipes/pies-crisps-and-cobblers/pumpkin-cheesecake-pie', 75),
(152, 'Apple Pie in an Apple', 'http://www.holidayspage.net/apple-pie-in-an-apple/', 45),
(153, 'Turkey Pot Pie', 'http://www.artfrommytable.com/turkey-pot-pie/', 60),
(154, 'Pecan Pie', 'http://www.bakerita.com/pecan-pie/', 70),
(155, 'Derby Pie', 'http://www.mylifeasamrs.com/2010/12/derby-pie.html', 60),
(156, 'Easy Chocolate Pie', 'http://veryculinary.com/2014/03/27/easy-chocolate-pie/', 60),
(157, 'Apple Pie Cookies', 'http://tiphero.com/apple-pie-cookies-2/', 35),
(158, 'Butterscotch Pie', 'http://thedomesticrebel.com/2015/11/16/butterscotch-pie/', 70),
(159, 'Old Fashioned Molasses Pie', 'http://www.craftycookingmama.com/old-fashioned-molasses-pie/', 40),
(180, 'Cheesy Slow Cooker Bacon Ranch Potatoes', 'http://www.closetcooking.com/2015/11/cheesy-slow-cooker-bacon-ranch-potatoes.html?utm_source=newsletter&utm_medium=email&utm_campaign=20151119&m=1', 490),
(181, 'Sweet Potatoes with Marshmallow', 'http://olives-n-okra.com/sweet-potatoes-with-marshmallow/', 60),
(182, 'Alfredo Potatoes', 'http://lilluna.com/cheesy-alfredo-potatoes/', 9),
(183, 'Those Potatoes', 'http://treasureinanearthenvessel.blogspot.com/2014/04/those-potatoes.html', 75),
(184, 'Slow Cooker Mashed Potatoes', 'http://www.itisakeeper.com/13905/easy-crock-pot-recipe-slow-cooker-mashed-potatoes/', 490),
(185, 'Mashed Potatoes', 'http://www.themom100.com/recipe/mashed-potatoes/', 35),
(186, 'The Ultimate Baked Potato', 'http://www.purewow.com/recipes/Cheese-and-Bacon-Baked-Potatoes?utm_medium=email&utm_source=recipe&utm_campaign=The_Best_Potatoes_au_Gratin_Ever_2015_11_10&utm_content=Recipe_editorial', 40),
(187, 'Bacon Cheddar Hasselback Potatoes', 'http://www.theslowroasteditalian.com/2012/07/bacon-cheddar-hasselback-potatoes.html?utm_source=feedburner&utm_medium=email&utm_campaign=Feed%3A+TheSlowRoastedItalian+%28The+Slow+Roasted+Italian%29', 75),
(188, 'The Original Potato Salad', 'http://www.yummly.com/recipe/The-original-potato-salad-303892', 25),
(189, 'Dauphinoise Potatoes', 'http://www.bbc.co.uk/food/recipes/dauphinoisepotatoes_90205', 90),
(190, 'Glazed Sweet Potato Coins', 'http://www.thekitchenismyplayground.com/2015/11/glazed-sweet-potato-coins-recipe.html', 80),
(191, 'Brown Butter Mashed Sweet Potatoes', 'http://backtoherroots.com/2015/11/04/brown-butter-mashed-sweet-potatoes/', 25),
(192, 'Dutch Oven Mashed Potatoes', 'http://triedandtasty.com/dutch-oven-mashed-potatoes/', 50),
(193, 'Perfect Mashed Potatoes', 'http://domesticatedwildchild.com/perfect-mashed-potatoes/', 50),
(194, 'Scalloped Potatoes', 'http://rasamalaysia.com/scalloped-potatoes/2/', 120),
(195, 'The Best Breakfast Potatoes', 'http://fitfoodiefinds.com/2015/09/the-best-breakfast-potatoes/', 30),
(196, 'Cheesy Bacon Hasselback Potatoes', 'http://www.kraftrecipes.com/recipes/cheesy-bacon-hasselback-potatoes-168222.aspx', 69),
(197, 'Rosemary Sweet Potato Stackers', 'http://www.kimshealthyeats.com/rosemary-sweet-potato-stackers/', 60),
(198, 'Cheesy Potato Casserole', 'http://thediaryofarealhousewife.com/2015/11/cheesy-potato-casserole.html', 65),
(199, 'Fully Loaded Scalloped Potatoes', 'http://www.kraftrecipes.com/recipes/fully-loaded-scalloped-potatoes-143362.aspx', 105),
(200, 'Cinnamon Bourbon Ice Cream', 'http://killingthyme.net/2015/11/24/cinnamon-bourbon-ice-cream/', 25),
(201, 'Circus Animal Ice Cream', 'http://makebakecelebrate.com/circus-animal-ice-cream/', 20),
(202, 'Eggnog Ice Cream Float', 'http://www.lemonsforlulu.com/eggnog-ice-cream-float/#_a5y_p=4638772', 5),
(203, 'Toasted Coconut Ice Cream', 'http://www.femalefoodie.com/recipes/toasted-coconut-ice-cream/', 105),
(204, 'Chocolate Ice Cream', 'http://bakedbree.com/chocolate-ice-cream', 45),
(205, 'Mango Ice cream', 'http://www.plattershare.com/recipe/Mango-Ice-cream', 25),
(206, 'Hedges Rosemary Ice Cream', 'https://asideofsweet.com/hedges-rosemary-ice-cream/', 18),
(207, 'Homemade Ice Cream', 'http://www.iheartnaptime.net/homemade-ice-cream-recipe/', 35),
(208, 'Simple Nutella ice cream', 'http://www.soulkitchenrecipes.com/desserts/simple-nutella-ice-cream/', 30),
(209, 'Millionaire Ice Cream', 'http://www.barefeetinthekitchen.com/2014/11/millionaire-ice-cream-recipe.html', 40),
(210, 'Honey Rosemary Ice Cream', 'http://lifecurrents.dw2.net/honey-rosemary-ice-cream/', 50),
(211, 'Apple Crisp Ice Cream', 'http://www.cupcakediariesblog.com/2015/10/apple-crisp-ice-cream.html', 35),
(212, 'Eggnog Ice Cream Float', 'http://www.lemonsforlulu.com/eggnog-ice-cream-float/', 5),
(213, 'Biscoff Ice Cream', 'http://www.gimmesomeoven.com/biscoff-ice-cream/', 35),
(214, 'Easy Espresso Ice Cream', 'http://www.barefeetinthekitchen.com/2013/08/easy-espresso-ice-cream-recipe.html', 15),
(215, 'Nutella Ice Cream', 'http://www.cookistry.com/2014/07/nutella-ice-cream.html', 35),
(216, 'Kahlua Ice Cream', 'http://www.sugarlaws.com/bad-girl-ice-cream', 35),
(217, 'Easy Maple Ice Cream', 'http://reluctantentertainer.com/2015/11/easy-maple-ice-cream/', 370),
(218, 'Ice cream ?Gelato?', 'http://cookmealss.com/ice-cream-gelato/', 55),
(219, 'Cocoa Pebbles Ice Cream Cake', 'http://wishesndishes.com/cocoa-pebbles-ice-cream-cake/', 390),
(220, 'Yellow Rice', 'http://www.kusinamaster.ph/2015/01/yellow-rice.html', 60),
(221, 'Garlic and Coriander Rice', 'http://monishgujral.com/garlic-and-coriander-rice-recipe/', 30),
(222, 'Cheesy Zucchini Rice', 'http://www.thebakerupstairs.com/2013/10/cheesy-zucchini-rice.html', 30),
(223, 'Souper Rice', 'http://www.plainchicken.com/2015/03/souper-rice.html', 30),
(224, 'Herb Rice', 'http://diversedinners.com/herb-rice/', 35),
(225, 'Spanish Rice', 'http://www.theharvestkitchen.com/homemade-spanish-rice/', 45),
(226, 'Jeera Rice', 'http://www.ruchiskitchen.com/recipe/jeera-rice-recipe/', 20),
(227, 'Easy Chinese Fried Rice', 'http://kobown.com/301_chinese_fried_rice/', 25),
(228, 'Spanish Vegetable Rice', 'http://simpleveganblog.com/spanish-vegetable-rice/', 50),
(229, 'Easy Risotto', 'http://www.homesweethomemade.com/2015/11/easy-risotto.html', 35),
(230, 'Cheesy Broccoli Rice Casserole', 'http://www.carissashaw.com/2014/08/cheesy-broccoli-rice-casserole.html', 50),
(231, 'Rice Pilaf', 'http://www.adishofdailylife.com/2015/11/rice-pilaf-recipe/', 30),
(232, 'Cilantro Lime Basmati Rice', 'http://www.sweetlittlebluebird.com/2015/11/cilantro-lime-basmati-rice-chipotle.html', 25),
(233, 'Okra Rice', 'http://www.krishrecipes.com/okra-rice-delicious-bhendi-rice/', 35),
(234, 'Enchilada Rice', 'http://www.tasteandtellblog.com/enchilada-rice/', 30),
(235, 'Peas Rice', 'http://alloverunique.com/recipe/peas-rice/', 45),
(236, 'Wild Rice With Mushrooms', 'http://cooking.nytimes.com/recipes/1016894-wild-rice-with-mushrooms', 60),
(237, 'Fried Rice', 'http://www.thecountrycook.net/2012/10/fried-rice.html', 35),
(238, 'Easy Rice Pilaf', 'http://creativekkids.com/tasty-tuesdays-delicious-gourmet-tilapia-rice-pilaf-25-minutes/', 40),
(239, 'Mexican Rice', 'http://homesicktexan.blogspot.com/2008/06/with-beans-comes-rice.html', 65),
(240, 'Ploughmans Burgers', 'http://www.amuse-your-bouche.com/ploughmans-burgers/', 25),
(241, 'Crunchy Onion Jalapeno Burger', 'http://www.tryanythingonceculinary.com/crunchy-onion-jalapeno-burger/', 35),
(242, 'Best Ever Juicy Burgers', 'http://www.yummly.com/recipe/Best-Ever-Juicy-Burgers-551596', 20),
(243, 'Bourbon Burger', 'http://www.grit.com/departments/bourbon-burger-recipe.aspx', 30),
(244, 'Quesadilla Burgers', 'http://www.mostlyhomemademom.com/2014/05/quesadilla-burgers.html', 20),
(245, 'Enchilada Burgers', 'http://hungryfoodlove.com/2015/08/31/enchilada-burgers/', 30),
(246, 'Pesto Burger', 'http://ourlifetastesgood.blogspot.com/2014/10/pesto-burger-recipe.html', 15),
(247, 'Burger With Mushrooms and Radicchio', 'http://www.health.com/health/recipe/0,,50400000120337,00.html', 25),
(248, 'Venison Burgers', 'http://leitesculinaria.com/82712/recipes-venison-burgers.html', 20),
(249, 'Balsamic Burger', 'http://ourlifetastesgood.blogspot.com/2015/06/balsamic-burgers.html', 20),
(250, 'Onion Burgers', 'http://www.deepsouthdish.com/2009/05/onion-burgers.html', 25),
(251, 'Greek Burgers', 'http://www.bobbiskozykitchen.com/2012/06/greek-burgers-for-fathersday.html', 25),
(252, 'Chicken Parmigiana Burgers', 'http://www.skinnytaste.com/2011/05/chicken-parmigiana-burgers.html', 15),
(253, 'Spinach "burgers"', 'http://thevillagecook.com/spinach-burgers/', 10),
(254, 'Smoked Burgers', 'http://www.southernplate.com/2014/07/christys-smoked-burgers.html', 30),
(255, 'Big Mac Burger', 'http://12tomatoes.com/2014/03/quick-dinner-recipe-big-macs.html', 50),
(256, 'Luscious Lean Burgers', 'http://www.cleaneatingmag.com/recipes/under-45-minutes/luscious-lean-burgers/', 30),
(257, 'The Manliest Breakfast Burger', 'http://www.culinaryenvy.com/the-manliest-breakfast-burger/', 55),
(258, 'Quinoa Chickpea Burgers', 'http://fooddoodles.com/2011/06/24/quinoa-chickpea-burgers/', 20),
(259, 'Portobello Burgers', 'http://www.williams-sonoma.com/recipe/portobello-burgers.html?cm_ven=Yummly&cm_cat=portobello-burgers&cm_pla=Default&cm_ite=Default', 45),
(260, 'Amazing Avocado Fries', 'http://stlcooks.com/2014/03/amazing-avocado-fries/', 20),
(261, 'Deep-Fried Oreos', 'http://youvegottotastethis.myrecipes.com/2015/11/04/deep-fried-oreos/?XID=mr_socialflow_facebook', 55),
(262, 'Homemade French Fried Onions', 'http://www.homesweethomemade.com/2015/11/homemade-french-fried-onions.html', 30),
(263, 'Fried Scones', 'http://realhousemoms.com/fried-scones/', 22),
(264, 'Pork Loin With Pickled Red Onion', 'http://www.deliciousmagazine.co.uk/recipes/pork-loin-with-pickled-red-onion/', 40),
(265, 'Ramen Stir-Fry', 'http://www.bettycrocker.com/recipes/ramen-stir-fry/aa6370e3-ce03-4ae5-bc11-cd1350873be8', 25),
(266, 'Fried Ravioli with Spicy Marinara', 'http://www.graceandgoodeats.com/2015/11/02/fried-ravioli-with-spicy-marinara/', 25),
(267, 'You Have Been Making French Fries Wrong Your ', 'http://www.recipestation.com/you-have-been-making-french-fries-wrong-your-entire-life-here-is-the-reason-why/2/', 50),
(268, 'Deep Fried Olives', 'http://thewanderlustkitchen.com/deep-fried-olives/', 12),
(269, 'Bacon & Egg Fried Rice', 'http://community.today.com/parentingteam/foodclub/recipe/bacon-egg-fried-rice', 10),
(270, 'Hooters Buffalo Shrimp', 'http://allfood.recipes/hooters-buffalo-shrimp/?utm_source=facebook.com&utm_medium=social&utm_campaign=Postcron.com', 20),
(271, 'Easy Chinese Fried Rice', 'http://kobown.com/301_chinese_fried_rice/', 25),
(272, 'Bacon Fried Potatoes', 'http://oldfatguy.ca/?p=2782', 50),
(273, 'Spaghetti Carbonara', 'https://www.philadelphia.co.uk/recipes/Spaghetti%20Carbonara?r=9295', 35),
(274, 'Fish Curry', 'http://www.princesstafadzwa.com/fish-curry/', 15),
(275, 'Best Ever Pork Chops', 'http://mywindowsill.com/best-ever-pork-chops/', 55),
(276, 'Parmesan Fries', 'http://www.imaginainventaeintenta.com/parmesan-fries/', 60),
(277, 'Mini Cheese Balls', 'http://www.roxyskitchen.com/mini-cheese-balls.html', 30),
(278, 'Easy, Crispy Pan Fried Potatoes – Perfect Eve', 'http://www.restlesschipotle.com/easy-crispy-pan-fried-potates/', 30),
(279, 'APPLE FRIES', 'http://theultimatechic.com/apple-fries/', 35),
(280, 'Apple Roses', 'http://www.laaloosh.com/2015/10/10/apple-roses/', 60),
(281, 'Perfect Apple Pie', 'http://www.broughttoyoubymom.com/perfect-apple-pie-recipe/', 80),
(282, 'Honeycrisp Apple Roses', 'http://zenandspice.com/honeycrisp-apple-roses/', 30),
(283, 'Apple Sangria', 'http://damndelicious.net/2015/11/10/apple-sangria/', 65),
(284, 'How To Make Hasselback Apples', 'http://www.thekitchn.com/how-to-make-hasselback-apples-225201', 70),
(285, 'Apple Galette', 'http://prettyinthepeak.com/apple-galette-easy-fall-baking-ideas/', 55),
(286, 'Apple Pomegranate Soda', 'http://triedandtasty.com/apple-pomegranate-soda/', 50),
(287, 'Apple Vinaigrette', 'http://www.thepeachkitchen.com/2015/11/apple-vinaigrette-crazy-week/', 20),
(288, 'Apple Scones', 'http://www.thekitchenmagpie.com/apple-sconerecipe/', 35),
(289, 'Two Minute Apple Pie Parfaits', 'http://www.yammiesnoshery.com/2012/11/two-minute-apple-pie-parfaits.html', 20),
(290, 'French Apple Cake', 'http://www.browneyedbaker.com/french-apple-cake/', 105),
(291, 'Fried Apples', 'http://m.syrupandbiscuits.com/88dlba6/articles/39078/Cast-Iron-Apples-and-Goodness-recipe-Fried-Apples-', 30),
(292, 'Baked Apple Pie Rice Paper Rolls', 'http://www.officiallyglutenfree.com/2015/11/baked-apple-pie-rice-paper-rolls/', 60),
(293, 'Apple Margarita', 'http://realhousemoms.com/apple-margarita/', 5),
(294, 'Shredded Apple Pie', 'http://life-in-the-lofthouse.com/shredded-apple-pie/', 80),
(295, 'Crispy Apple Wedges', 'http://www.yummly.com/recipe/Crispy-apple-wedges-297602', 5),
(296, 'Apple Pie Cookies', 'http://tiphero.com/apple-pie-cookies-2/', 35),
(297, 'Apple Cinnamon Afternoon Oats', 'http://www.incrediblesmoothies.com/recipes/apple-cinnamon-oats/', 20),
(298, 'Simple Apple Galette', 'http://familyfocusblog.com/simple-apple-galette-recipe/', 90),
(299, 'Nanas Apple Crisp', 'http://meadowcookin.blogspot.com/2015/11/nanas-apple-crisp.html', 65),
(300, 'Honey Butter Roasted Carrots', 'http://rasamalaysia.com/honey-butter-roasted-carrots/', 20),
(301, 'Honey Ciabatta Loaf', 'http://www.docaitta.com/2014/02/honey-ciabatta-loaf.html', 65),
(302, 'Cinnamon Honey Banana Bites', 'http://www.produceforkids.com/meal-planning/cinnamon-honey-banana-bites', 15),
(303, 'Honey Hazelnut Macaroons', 'http://leelalicious.com/honey-hazelnut-macaroons/', 45),
(304, 'LAVENDER HONEY LOLLIPOPS', 'http://www.thekitchykitchen.com/?recipes=/lavender-honey-lollipops/', 25),
(305, 'Slow Cooker Honey-Soy Chicken', 'http://magicskillet.com/recipe/slow-cooker-honey-soy-chicken/', 10),
(306, 'Honey Bourbon Lemonade', 'http://biscuitsandburlap.com/2015/04/26/honey-bourbon-lemonade/', 50),
(307, 'Soothing Honey And Lemon Drink', 'http://daisiesandpie.co.uk/soothing-honey-and-lemon-drink/', 5),
(308, 'Corn w/ Honey Lime Compound Butter', 'http://eatsimplefood.com/corn-on-the-cob-compound-butter/', 60),
(309, 'Honey Roasted Carrots', 'http://www.cookingclassy.com/2015/11/honey-roasted-carrots/', 55),
(310, 'Ginger Honey Switchel', 'http://wellnessmama.com/61647/ginger-honey-switchel/', 5),
(311, 'Cheesey Baked Polenta With Honey', 'http://www.nutrizonia.com/baked-stuffed-polenta-with-white-cheese/', 35),
(312, 'Cinnamon Honey Butter', 'http://www.anaffairfromtheheart.com/2015/11/cinnamon-honey-butter/', 15),
(313, 'Honey Honeycomb, Three Ways', 'http://acozykitchen.com/honey-honeycomb-three-ways/', 15),
(314, 'Honey Chocolate Cashew Truffles {GF, DF}', 'http://avocadopesto.com/2015/11/15/honey-chocolate-cashew-truffles-gf-df-and-a-giveaway/', 15),
(315, 'Honey Taffy', 'http://www.drjeanlayton.com/2015/10/honey-taffy-recipe-just-two-ingredients.html', 30),
(316, 'Ginger-Honey Lemonade', 'http://www.bonappetit.com/recipe/ginger-honey-lemonade', 20),
(317, 'Honey Cake', 'http://www.technicolorkitcheninenglish.blogspot.com.br/2014/02/honey-cake-relating-to-characters-and.html', 60),
(318, 'Honey Butter', 'http://julieblanner.com/honey-butter/', 30),
(319, 'Milk and Honey Bread', 'http://heritageschoolhouse.blogspot.com/2008/05/milk-and-honey-bread-2-loaves-one-to.html', 55),
(320, 'Fruit Cones', 'http://kirbiecravings.com/2014/09/fruit-cones.html', 25),
(321, 'Cherry Fruit Salad', 'http://cantstayoutofthekitchen.com/2012/09/28/cherry-fruit-salad/', 10),
(322, 'Fruit Custard', 'http://www.poojascookery.com/fruit-custard/', 60),
(323, 'Fresh Fruit Tarts', 'http://www.iheartnaptime.net/fresh-fruit-tarts/', 150),
(324, 'Fruit & Nut Caramel Truffles', 'http://www.littlesugarsnaps.com/2015/11/24/fruit-nut-caramel-truffles/', 40),
(325, 'Fruit Loops Treats', 'http://www.foxvalleyfoodie.com/fruit-loops-treats/', 7),
(326, '5-Minute Rustic Fruit Galette', 'http://www.gimmesomeoven.com/5-minute-rustic-fruit-galette/', 25),
(327, 'Fruit Pops', 'http://onesweetappetite.com/2015/06/fruit-pops/', 25),
(328, 'Fruit Crisp', 'http://www.schneiderpeeps.com/fruit-crisp/', 45),
(329, 'DIY Raw Bar with Homemade Cocktail Sauce', 'http://www.whattheforkfoodblog.com/2015/11/25/diy-raw-bar-homemade-cocktail-sauce/', 5),
(330, 'Fruit Jellies', 'http://www.marthastewart.com/326899/fruit-jellies', 20),
(331, 'Fruit Cream', 'http://www.feedyourtemptations.com/fruit-cream-recipe/', 130),
(332, 'COCONUT & MIXED FRUIT POPSICLES', 'http://www.hbfit.com/food/2015/7/29/hbfit-eats-coconut-mixed-fruit-popsicles', 20),
(333, 'Fruit & Herb Flavored Water', 'http://www.theyummylife.com/Flavored_Water', 20),
(334, 'Fruit Pizza', 'http://pinchofyum.com/fruit-pizza', 40),
(335, 'Grinch Fruit Kabobs', 'http://whenisdinner.com/grinch-fruit-kabobs/', 10),
(336, 'Fruit Stollen', 'http://www.recipe.com/fruit-stollen/', 35),
(337, 'Sunshine Fruit Salad', 'http://www.julieseatsandtreats.com/sunshine-salad/', 15),
(338, 'FRUIT TURKEY with CHOCOLATE FONDUE', 'http://kelleyandcricket.com/index.php/2015/11/08/fruit-turkey-with-chocolate-fondue-video-how-to/', 20),
(339, 'Chocolate, Coconut, and Almond Bars', 'http://www.bhg.com/recipe/chocolate-coconut-and-almond-bars-1/', 20);

--
-- Indexes for dumped tables
--

--
-- Indexes for table `account`
--
ALTER TABLE `account`
  ADD PRIMARY KEY (`Username`),
  ADD UNIQUE KEY `User_id_UNIQUE` (`Username`);

--
-- Indexes for table `ingredients`
--
ALTER TABLE `ingredients`
  ADD PRIMARY KEY (`Recipe_id`,`Ingredient_name`);

--
-- Indexes for table `recipe`
--
ALTER TABLE `recipe`
  ADD PRIMARY KEY (`Recipe_id`),
  ADD UNIQUE KEY `Recipe_id_UNIQUE` (`Recipe_id`);

--
-- Constraints for dumped tables
--

--
-- Constraints for table `ingredients`
--
ALTER TABLE `ingredients`
  ADD CONSTRAINT `fk_REQUIRES_RECIPE1` FOREIGN KEY (`Recipe_id`) REFERENCES `recipe` (`Recipe_id`) ON DELETE CASCADE ON UPDATE NO ACTION;

/*!40101 SET CHARACTER_SET_CLIENT=@OLD_CHARACTER_SET_CLIENT */;
/*!40101 SET CHARACTER_SET_RESULTS=@OLD_CHARACTER_SET_RESULTS */;
/*!40101 SET COLLATION_CONNECTION=@OLD_COLLATION_CONNECTION */;
